appg_slug,category_slug,category_name
abraham-accords,INTERNATIONAL_AFFAIRS_DEVELOPMENT_TRADE,"International Affairs, Development & Trade"
access-to-disability-equipment,SOCIAL_CARE_WELFARE_FAMILY_SUPPORT,"Social Care, Welfare & Family Support"
access-to-justice,HUMAN_RIGHTS_EQUALITY_SOCIAL_JUSTICE,"Human Rights, Equality & Social Justice"
access-to-justice,JUSTICE_LAW_SECURITY,"Justice, Law & Security"
access-to-justice,JUSTICE_LAW_SECURITY,"Justice, Law & Security"
access-to-medicines-and-medical-devices,HEALTH_MEDICINE_PUBLIC_HEALTH,"Health, Medicine & Public Health"
acquired-brain-injury,HEALTH_MEDICINE_PUBLIC_HEALTH,"Health, Medicine & Public Health"
adoption-and-permanence,SOCIAL_CARE_WELFARE_FAMILY_SUPPORT,"Social Care, Welfare & Family Support"
adult-social-care,SOCIAL_CARE_WELFARE_FAMILY_SUPPORT,"Social Care, Welfare & Family Support"
advertising,ECONOMY_BUSINESS_INDUSTRY,"Economy, Business & Industry"
afghan-women-and-girls,HUMAN_RIGHTS_EQUALITY_SOCIAL_JUSTICE,"Human Rights, Equality & Social Justice"
afghan-women-and-girls,INTERNATIONAL_AFFAIRS_DEVELOPMENT_TRADE,"International Affairs, Development & Trade"
africa,COUNTRY_GROUP,Country Group
afrikan-reparations,ARTS_CULTURE_HERITAGE_MEDIA,"Arts, Culture, Heritage & Media"
afrikan-reparations,HUMAN_RIGHTS_EQUALITY_SOCIAL_JUSTICE,"Human Rights, Equality & Social Justice"
afrikan-reparations,INTERNATIONAL_AFFAIRS_DEVELOPMENT_TRADE,"International Affairs, Development & Trade"
ageing-and-older-people,REGIONS_NATIONS_DEVOLUTION,"Regions, Nations & Devolution"
ageing-and-older-people,SOCIAL_CARE_WELFARE_FAMILY_SUPPORT,"Social Care, Welfare & Family Support"
ageing-and-older-people,SOCIAL_CARE_WELFARE_FAMILY_SUPPORT,"Social Care, Welfare & Family Support"
ahmadiyya-muslim-community,HUMAN_RIGHTS_EQUALITY_SOCIAL_JUSTICE,"Human Rights, Equality & Social Justice"
ahmadiyya-muslim-community,RELIGION_FAITH_BELIEF_COMMUNITIES,"Religion, Faith & Belief Communities"
aid-match,INTERNATIONAL_AFFAIRS_DEVELOPMENT_TRADE,"International Affairs, Development & Trade"
air-ambulances,HEALTH_MEDICINE_PUBLIC_HEALTH,"Health, Medicine & Public Health"
airport-communities,ECONOMY_BUSINESS_INDUSTRY,"Economy, Business & Industry"
airport-communities,ENVIRONMENT_CLIMATE_SUSTAINABILITY,"Environment, Climate & Sustainability"
airport-communities,HEALTH_MEDICINE_PUBLIC_HEALTH,"Health, Medicine & Public Health"
airport-communities,INFRASTRUCTURE_TRANSPORT_MOBILITY,"Infrastructure, Transport & Mobility"
airport-communities,SOCIAL_CARE_WELFARE_FAMILY_SUPPORT,"Social Care, Welfare & Family Support"
alevis,RELIGION_FAITH_BELIEF_COMMUNITIES,"Religion, Faith & Belief Communities"
allergy,HEALTH_MEDICINE_PUBLIC_HEALTH,"Health, Medicine & Public Health"
allied-health-professionals,HEALTH_MEDICINE_PUBLIC_HEALTH,"Health, Medicine & Public Health"
allied-health-professionals,SOCIAL_CARE_WELFARE_FAMILY_SUPPORT,"Social Care, Welfare & Family Support"
animal-welfare,ANIMALS_ANIMAL_WELFARE,Animals & Animal Welfare
animal-welfare,ANIMALS_ANIMAL_WELFARE,Animals & Animal Welfare
animal-welfare,ANIMALS_ANIMAL_WELFARE,Animals & Animal Welfare
animal-welfare,ANIMALS_ANIMAL_WELFARE,Animals & Animal Welfare
animal-welfare,ANIMALS_ANIMAL_WELFARE,Animals & Animal Welfare
anti-corruption-and-responsible-tax,FINANCE_MARKETS_CONSUMER_AFFAIRS,"Finance, Markets & Consumer Affairs"
anti-social-behaviour,JUSTICE_LAW_SECURITY,"Justice, Law & Security"
anti-social-behaviour,SOCIAL_CARE_WELFARE_FAMILY_SUPPORT,"Social Care, Welfare & Family Support"
antimicrobial-resistance,HEALTH_MEDICINE_PUBLIC_HEALTH,"Health, Medicine & Public Health"
antimicrobial-resistance,SCIENCE_TECHNOLOGY_INNOVATION,"Science, Technology & Innovation"
antisemitism,HUMAN_RIGHTS_EQUALITY_SOCIAL_JUSTICE,"Human Rights, Equality & Social Justice"
antisemitism,RELIGION_FAITH_BELIEF_COMMUNITIES,"Religion, Faith & Belief Communities"
apprenticeships,ECONOMY_BUSINESS_INDUSTRY,"Economy, Business & Industry"
apprenticeships,ECONOMY_BUSINESS_INDUSTRY,"Economy, Business & Industry"
apprenticeships,ECONOMY_BUSINESS_INDUSTRY,"Economy, Business & Industry"
apprenticeships,EDUCATION_SKILLS_YOUTH,"Education, Skills & Youth"
apprenticeships,EDUCATION_SKILLS_YOUTH,"Education, Skills & Youth"
apprenticeships,EDUCATION_SKILLS_YOUTH,"Education, Skills & Youth"
apprenticeships,REGIONS_NATIONS_DEVOLUTION,"Regions, Nations & Devolution"
arbitrary-detention-and-hostage-affairs,HUMAN_RIGHTS_EQUALITY_SOCIAL_JUSTICE,"Human Rights, Equality & Social Justice"
arbitrary-detention-and-hostage-affairs,INTERNATIONAL_AFFAIRS_DEVELOPMENT_TRADE,"International Affairs, Development & Trade"
arbitrary-detention-and-hostage-affairs,JUSTICE_LAW_SECURITY,"Justice, Law & Security"
archaeology,ARTS_CULTURE_HERITAGE_MEDIA,"Arts, Culture, Heritage & Media"
archives-and-history,ARTS_CULTURE_HERITAGE_MEDIA,"Arts, Culture, Heritage & Media"
armed-forces,JUSTICE_LAW_SECURITY,"Justice, Law & Security"
armed-forces-community,HUMAN_RIGHTS_EQUALITY_SOCIAL_JUSTICE,"Human Rights, Equality & Social Justice"
armed-forces-community,JUSTICE_LAW_SECURITY,"Justice, Law & Security"
armenia,COUNTRY_GROUP,Country Group
art-craft-and-design-in-education,ARTS_CULTURE_HERITAGE_MEDIA,"Arts, Culture, Heritage & Media"
art-craft-and-design-in-education,EDUCATION_SKILLS_YOUTH,"Education, Skills & Youth"
artificial-intelligence,SCIENCE_TECHNOLOGY_INNOVATION,"Science, Technology & Innovation"
artificial-intelligence,SCIENCE_TECHNOLOGY_INNOVATION,"Science, Technology & Innovation"
arts-and-heritage,ARTS_CULTURE_HERITAGE_MEDIA,"Arts, Culture, Heritage & Media"
assistive-and-accessible-technology,HEALTH_MEDICINE_PUBLIC_HEALTH,"Health, Medicine & Public Health"
assistive-and-accessible-technology,SCIENCE_TECHNOLOGY_INNOVATION,"Science, Technology & Innovation"
attention-deficit-hyperactivity-disorder-adhd,HEALTH_MEDICINE_PUBLIC_HEALTH,"Health, Medicine & Public Health"
attention-deficit-hyperactivity-disorder-adhd,SOCIAL_CARE_WELFARE_FAMILY_SUPPORT,"Social Care, Welfare & Family Support"
australia-and-new-zealand-anzac-and-the-pacific-islands,COUNTRY_GROUP,Country Group
australia-united-kingdom-and-united-states-of-america-aukus,COUNTRY_GROUP,Country Group
australia-united-kingdom-and-united-states-of-america-aukus,ECONOMY_BUSINESS_INDUSTRY,"Economy, Business & Industry"
australia-united-kingdom-and-united-states-of-america-aukus,INTERNATIONAL_AFFAIRS_DEVELOPMENT_TRADE,"International Affairs, Development & Trade"
australia-united-kingdom-and-united-states-of-america-aukus,JUSTICE_LAW_SECURITY,"Justice, Law & Security"
autism,EDUCATION_SKILLS_YOUTH,"Education, Skills & Youth"
autism,HEALTH_MEDICINE_PUBLIC_HEALTH,"Health, Medicine & Public Health"
autism,HEALTH_MEDICINE_PUBLIC_HEALTH,"Health, Medicine & Public Health"
autism,HEALTH_MEDICINE_PUBLIC_HEALTH,"Health, Medicine & Public Health"
autism,HEALTH_MEDICINE_PUBLIC_HEALTH,"Health, Medicine & Public Health"
autism,HEALTH_MEDICINE_PUBLIC_HEALTH,"Health, Medicine & Public Health"
autism,SOCIAL_CARE_WELFARE_FAMILY_SUPPORT,"Social Care, Welfare & Family Support"
autism,SOCIAL_CARE_WELFARE_FAMILY_SUPPORT,"Social Care, Welfare & Family Support"
autism,SOCIAL_CARE_WELFARE_FAMILY_SUPPORT,"Social Care, Welfare & Family Support"
autism,SOCIAL_CARE_WELFARE_FAMILY_SUPPORT,"Social Care, Welfare & Family Support"
autism,SOCIAL_CARE_WELFARE_FAMILY_SUPPORT,"Social Care, Welfare & Family Support"
aviation,ECONOMY_BUSINESS_INDUSTRY,"Economy, Business & Industry"
aviation,ECONOMY_BUSINESS_INDUSTRY,"Economy, Business & Industry"
aviation,INFRASTRUCTURE_TRANSPORT_MOBILITY,"Infrastructure, Transport & Mobility"
aviation,INFRASTRUCTURE_TRANSPORT_MOBILITY,"Infrastructure, Transport & Mobility"
aviation,SCIENCE_TECHNOLOGY_INNOVATION,"Science, Technology & Innovation"
aviation-travel-and-aerospace,INFRASTRUCTURE_TRANSPORT_MOBILITY,"Infrastructure, Transport & Mobility"
aviation-travel-and-aerospace,SCIENCE_TECHNOLOGY_INNOVATION,"Science, Technology & Innovation"
babies-pregnancy-to-age-2,HEALTH_MEDICINE_PUBLIC_HEALTH,"Health, Medicine & Public Health"
babies-pregnancy-to-age-2,SOCIAL_CARE_WELFARE_FAMILY_SUPPORT,"Social Care, Welfare & Family Support"
baby-loss,HEALTH_MEDICINE_PUBLIC_HEALTH,"Health, Medicine & Public Health"
baby-loss,SOCIAL_CARE_WELFARE_FAMILY_SUPPORT,"Social Care, Welfare & Family Support"
bahai-faith,HUMAN_RIGHTS_EQUALITY_SOCIAL_JUSTICE,"Human Rights, Equality & Social Justice"
bahai-faith,INTERNATIONAL_AFFAIRS_DEVELOPMENT_TRADE,"International Affairs, Development & Trade"
bahai-faith,RELIGION_FAITH_BELIEF_COMMUNITIES,"Religion, Faith & Belief Communities"
bahrain,COUNTRY_GROUP,Country Group
baking-industry,ECONOMY_BUSINESS_INDUSTRY,"Economy, Business & Industry"
baking-industry,FOOD_AGRICULTURE_RURAL_AFFAIRS,"Food, Agriculture & Rural Affairs"
bangladesh,COUNTRY_GROUP,Country Group
bangladesh,COUNTRY_GROUP,Country Group
bangladesh,INTERNATIONAL_AFFAIRS_DEVELOPMENT_TRADE,"International Affairs, Development & Trade"
bbc,ARTS_CULTURE_HERITAGE_MEDIA,"Arts, Culture, Heritage & Media"
beauty-and-wellbeing,ECONOMY_BUSINESS_INDUSTRY,"Economy, Business & Industry"
beer,ARTS_CULTURE_HERITAGE_MEDIA,"Arts, Culture, Heritage & Media"
beer,ECONOMY_BUSINESS_INDUSTRY,"Economy, Business & Industry"
bees-pollinators-and-invertebrates,ENVIRONMENT_CLIMATE_SUSTAINABILITY,"Environment, Climate & Sustainability"
belarus,COUNTRY_GROUP,Country Group
better-roads,INFRASTRUCTURE_TRANSPORT_MOBILITY,"Infrastructure, Transport & Mobility"
beyond-pills,HEALTH_MEDICINE_PUBLIC_HEALTH,"Health, Medicine & Public Health"
birth-trauma,HEALTH_MEDICINE_PUBLIC_HEALTH,"Health, Medicine & Public Health"
birth-trauma,SOCIAL_CARE_WELFARE_FAMILY_SUPPORT,"Social Care, Welfare & Family Support"
black-health,HEALTH_MEDICINE_PUBLIC_HEALTH,"Health, Medicine & Public Health"
black-health,HUMAN_RIGHTS_EQUALITY_SOCIAL_JUSTICE,"Human Rights, Equality & Social Justice"
black-maternal-health,HEALTH_MEDICINE_PUBLIC_HEALTH,"Health, Medicine & Public Health"
black-maternal-health,HUMAN_RIGHTS_EQUALITY_SOCIAL_JUSTICE,"Human Rights, Equality & Social Justice"
bladder-and-bowel-continence-care,HEALTH_MEDICINE_PUBLIC_HEALTH,"Health, Medicine & Public Health"
blockchain-technologies,ECONOMY_BUSINESS_INDUSTRY,"Economy, Business & Industry"
bosnia-and-herzegovina,COUNTRY_GROUP,Country Group
boxing,SPORT_RECREATION_PHYSICAL_ACTIVITY,"Sport, Recreation & Physical Activity"
brain-tumours,HEALTH_MEDICINE_PUBLIC_HEALTH,"Health, Medicine & Public Health"
brain-tumours,HEALTH_MEDICINE_PUBLIC_HEALTH,"Health, Medicine & Public Health"
breast-cancer,HEALTH_MEDICINE_PUBLIC_HEALTH,"Health, Medicine & Public Health"
british-buses,ECONOMY_BUSINESS_INDUSTRY,"Economy, Business & Industry"
british-buses,INFRASTRUCTURE_TRANSPORT_MOBILITY,"Infrastructure, Transport & Mobility"
british-council-and-soft-power,INTERNATIONAL_AFFAIRS_DEVELOPMENT_TRADE,"International Affairs, Development & Trade"
british-heritage,ARTS_CULTURE_HERITAGE_MEDIA,"Arts, Culture, Heritage & Media"
british-hindus,HUMAN_RIGHTS_EQUALITY_SOCIAL_JUSTICE,"Human Rights, Equality & Social Justice"
british-hindus,RELIGION_FAITH_BELIEF_COMMUNITIES,"Religion, Faith & Belief Communities"
british-jews,RELIGION_FAITH_BELIEF_COMMUNITIES,"Religion, Faith & Belief Communities"
british-muslims,HUMAN_RIGHTS_EQUALITY_SOCIAL_JUSTICE,"Human Rights, Equality & Social Justice"
british-muslims,RELIGION_FAITH_BELIEF_COMMUNITIES,"Religion, Faith & Belief Communities"
british-offshore-energy-industry,ENERGY_UTILITIES,Energy & Utilities
british-offshore-energy-industry,ENVIRONMENT_CLIMATE_SUSTAINABILITY,"Environment, Climate & Sustainability"
british-sign-language,HUMAN_RIGHTS_EQUALITY_SOCIAL_JUSTICE,"Human Rights, Equality & Social Justice"
british-sikhs,HUMAN_RIGHTS_EQUALITY_SOCIAL_JUSTICE,"Human Rights, Equality & Social Justice"
british-sikhs,RELIGION_FAITH_BELIEF_COMMUNITIES,"Religion, Faith & Belief Communities"
broadcasting-entertainment-and-arts-unions,ARTS_CULTURE_HERITAGE_MEDIA,"Arts, Culture, Heritage & Media"
built-environment,HOUSING_PLANNING_BUILT_ENVIRONMENT,"Housing, Planning & Built Environment"
built-environment,HOUSING_PLANNING_BUILT_ENVIRONMENT,"Housing, Planning & Built Environment"
bulgaria,COUNTRY_GROUP,Country Group
burma,COUNTRY_GROUP,Country Group
bus-and-coach,INFRASTRUCTURE_TRANSPORT_MOBILITY,"Infrastructure, Transport & Mobility"
cafod,INTERNATIONAL_AFFAIRS_DEVELOPMENT_TRADE,"International Affairs, Development & Trade"
canada,COUNTRY_GROUP,Country Group
cancer,HEALTH_MEDICINE_PUBLIC_HEALTH,"Health, Medicine & Public Health"
cancer,HEALTH_MEDICINE_PUBLIC_HEALTH,"Health, Medicine & Public Health"
cancer,HEALTH_MEDICINE_PUBLIC_HEALTH,"Health, Medicine & Public Health"
cancer,HEALTH_MEDICINE_PUBLIC_HEALTH,"Health, Medicine & Public Health"
cancer,HEALTH_MEDICINE_PUBLIC_HEALTH,"Health, Medicine & Public Health"
cancer,REGIONS_NATIONS_DEVOLUTION,"Regions, Nations & Devolution"
cancer,REGIONS_NATIONS_DEVOLUTION,"Regions, Nations & Devolution"
cancer-in-children-and-young-people,HEALTH_MEDICINE_PUBLIC_HEALTH,"Health, Medicine & Public Health"
cancer-in-children-and-young-people,SOCIAL_CARE_WELFARE_FAMILY_SUPPORT,"Social Care, Welfare & Family Support"
carbon-capture-utilisation-and-storage,ENERGY_UTILITIES,Energy & Utilities
carbon-capture-utilisation-and-storage,ENVIRONMENT_CLIMATE_SUSTAINABILITY,"Environment, Climate & Sustainability"
carbon-monoxide,ENVIRONMENT_CLIMATE_SUSTAINABILITY,"Environment, Climate & Sustainability"
carbon-monoxide,HEALTH_MEDICINE_PUBLIC_HEALTH,"Health, Medicine & Public Health"
cardiac-risk-in-the-young,HEALTH_MEDICINE_PUBLIC_HEALTH,"Health, Medicine & Public Health"
care-experienced-children-and-young-people,EDUCATION_SKILLS_YOUTH,"Education, Skills & Youth"
care-experienced-children-and-young-people,SOCIAL_CARE_WELFARE_FAMILY_SUPPORT,"Social Care, Welfare & Family Support"
carers,SOCIAL_CARE_WELFARE_FAMILY_SUPPORT,"Social Care, Welfare & Family Support"
carers,SOCIAL_CARE_WELFARE_FAMILY_SUPPORT,"Social Care, Welfare & Family Support"
caribbean,COUNTRY_GROUP,Country Group
cats,ANIMALS_ANIMAL_WELFARE,Animals & Animal Welfare
cayman-islands,COUNTRY_GROUP,Country Group
celtic-sea,ECONOMY_BUSINESS_INDUSTRY,"Economy, Business & Industry"
celtic-sea,ENERGY_UTILITIES,Energy & Utilities
celtic-sea,ENVIRONMENT_CLIMATE_SUSTAINABILITY,"Environment, Climate & Sustainability"
central-asia,COUNTRY_GROUP,Country Group
central-south,REGIONS_NATIONS_DEVOLUTION,"Regions, Nations & Devolution"
ceramics,ECONOMY_BUSINESS_INDUSTRY,"Economy, Business & Industry"
chagos-british-indian-ocean-territory,COUNTRY_GROUP,Country Group
channel-islands,COUNTRY_GROUP,Country Group
charities-and-volunteering,HUMAN_RIGHTS_EQUALITY_SOCIAL_JUSTICE,"Human Rights, Equality & Social Justice"
charities-and-volunteering,SOCIAL_CARE_WELFARE_FAMILY_SUPPORT,"Social Care, Welfare & Family Support"
chess,ARTS_CULTURE_HERITAGE_MEDIA,"Arts, Culture, Heritage & Media"
child-of-the-north,EDUCATION_SKILLS_YOUTH,"Education, Skills & Youth"
child-of-the-north,REGIONS_NATIONS_DEVOLUTION,"Regions, Nations & Devolution"
child-of-the-north,SOCIAL_CARE_WELFARE_FAMILY_SUPPORT,"Social Care, Welfare & Family Support"
children,EDUCATION_SKILLS_YOUTH,"Education, Skills & Youth"
children,SOCIAL_CARE_WELFARE_FAMILY_SUPPORT,"Social Care, Welfare & Family Support"
children-in-police-custody,HUMAN_RIGHTS_EQUALITY_SOCIAL_JUSTICE,"Human Rights, Equality & Social Justice"
children-in-police-custody,JUSTICE_LAW_SECURITY,"Justice, Law & Security"
children-in-wales,SOCIAL_CARE_WELFARE_FAMILY_SUPPORT,"Social Care, Welfare & Family Support"
children-of-alcoholics,HEALTH_MEDICINE_PUBLIC_HEALTH,"Health, Medicine & Public Health"
children-of-alcoholics,SOCIAL_CARE_WELFARE_FAMILY_SUPPORT,"Social Care, Welfare & Family Support"
children-who-need-palliative-care,HEALTH_MEDICINE_PUBLIC_HEALTH,"Health, Medicine & Public Health"
children-who-need-palliative-care,SOCIAL_CARE_WELFARE_FAMILY_SUPPORT,"Social Care, Welfare & Family Support"
childrens-online-safety,EDUCATION_SKILLS_YOUTH,"Education, Skills & Youth"
childrens-online-safety,HUMAN_RIGHTS_EQUALITY_SOCIAL_JUSTICE,"Human Rights, Equality & Social Justice"
childrens-online-safety,SCIENCE_TECHNOLOGY_INNOVATION,"Science, Technology & Innovation"
china,COUNTRY_GROUP,Country Group
china,INTERNATIONAL_AFFAIRS_DEVELOPMENT_TRADE,"International Affairs, Development & Trade"
choice-at-the-end-of-life,HEALTH_MEDICINE_PUBLIC_HEALTH,"Health, Medicine & Public Health"
choice-at-the-end-of-life,HUMAN_RIGHTS_EQUALITY_SOCIAL_JUSTICE,"Human Rights, Equality & Social Justice"
christianity-in-the-holy-land,INTERNATIONAL_AFFAIRS_DEVELOPMENT_TRADE,"International Affairs, Development & Trade"
christianity-in-the-holy-land,RELIGION_FAITH_BELIEF_COMMUNITIES,"Religion, Faith & Belief Communities"
christians-in-parliament,GOVERNANCE_DEMOCRACY_POLITICAL_REFORM,"Governance, Democracy & Political Reform"
christians-in-parliament,RELIGION_FAITH_BELIEF_COMMUNITIES,"Religion, Faith & Belief Communities"
citizens-rights,HUMAN_RIGHTS_EQUALITY_SOCIAL_JUSTICE,"Human Rights, Equality & Social Justice"
citizens-rights,INTERNATIONAL_AFFAIRS_DEVELOPMENT_TRADE,"International Affairs, Development & Trade"
city-regions-transport,INFRASTRUCTURE_TRANSPORT_MOBILITY,"Infrastructure, Transport & Mobility"
classical-music,ARTS_CULTURE_HERITAGE_MEDIA,"Arts, Culture, Heritage & Media"
classics,ARTS_CULTURE_HERITAGE_MEDIA,"Arts, Culture, Heritage & Media"
classics,EDUCATION_SKILLS_YOUTH,"Education, Skills & Youth"
climate-change,ENVIRONMENT_CLIMATE_SUSTAINABILITY,"Environment, Climate & Sustainability"
climate-nature-and-security,ENVIRONMENT_CLIMATE_SUSTAINABILITY,"Environment, Climate & Sustainability"
climate-nature-and-security,JUSTICE_LAW_SECURITY,"Justice, Law & Security"
climatetech,ENVIRONMENT_CLIMATE_SUSTAINABILITY,"Environment, Climate & Sustainability"
climatetech,SCIENCE_TECHNOLOGY_INNOVATION,"Science, Technology & Innovation"
closing-the-guantanamo-bay-detention-facility,HUMAN_RIGHTS_EQUALITY_SOCIAL_JUSTICE,"Human Rights, Equality & Social Justice"
closing-the-guantanamo-bay-detention-facility,INTERNATIONAL_AFFAIRS_DEVELOPMENT_TRADE,"International Affairs, Development & Trade"
closing-the-guantanamo-bay-detention-facility,JUSTICE_LAW_SECURITY,"Justice, Law & Security"
coastal-communities,REGIONS_NATIONS_DEVOLUTION,"Regions, Nations & Devolution"
commercial-sexual-exploitation,HUMAN_RIGHTS_EQUALITY_SOCIAL_JUSTICE,"Human Rights, Equality & Social Justice"
commercial-sexual-exploitation,HUMAN_RIGHTS_EQUALITY_SOCIAL_JUSTICE,"Human Rights, Equality & Social Justice"
commercial-sexual-exploitation,JUSTICE_LAW_SECURITY,"Justice, Law & Security"
commercial-sexual-exploitation,JUSTICE_LAW_SECURITY,"Justice, Law & Security"
commonwealth,COUNTRY_GROUP,Country Group
commonwealth-war-graves-commission-and-commemoration,ARTS_CULTURE_HERITAGE_MEDIA,"Arts, Culture, Heritage & Media"
commonwealth-war-graves-commission-and-commemoration,INTERNATIONAL_AFFAIRS_DEVELOPMENT_TRADE,"International Affairs, Development & Trade"
community-development,SOCIAL_CARE_WELFARE_FAMILY_SUPPORT,"Social Care, Welfare & Family Support"
community-development-finance-institutions,ECONOMY_BUSINESS_INDUSTRY,"Economy, Business & Industry"
compassion-in-politics,GOVERNANCE_DEMOCRACY_POLITICAL_REFORM,"Governance, Democracy & Political Reform"
compassion-in-politics,HUMAN_RIGHTS_EQUALITY_SOCIAL_JUSTICE,"Human Rights, Equality & Social Justice"
conflict-prevention-conflict-resolution-and-peacebuilding,INTERNATIONAL_AFFAIRS_DEVELOPMENT_TRADE,"International Affairs, Development & Trade"
consumer-protection,FINANCE_MARKETS_CONSUMER_AFFAIRS,"Finance, Markets & Consumer Affairs"
council-and-social-housing,HOUSING_PLANNING_BUILT_ENVIRONMENT,"Housing, Planning & Built Environment"
council-tax-reform,FINANCE_MARKETS_CONSUMER_AFFAIRS,"Finance, Markets & Consumer Affairs"
council-tax-reform,GOVERNANCE_DEMOCRACY_POLITICAL_REFORM,"Governance, Democracy & Political Reform"
counter-extremism,HUMAN_RIGHTS_EQUALITY_SOCIAL_JUSTICE,"Human Rights, Equality & Social Justice"
counter-extremism,JUSTICE_LAW_SECURITY,"Justice, Law & Security"
craft,ARTS_CULTURE_HERITAGE_MEDIA,"Arts, Culture, Heritage & Media"
craft,EDUCATION_SKILLS_YOUTH,"Education, Skills & Youth"
creative-health,ARTS_CULTURE_HERITAGE_MEDIA,"Arts, Culture, Heritage & Media"
creative-health,HEALTH_MEDICINE_PUBLIC_HEALTH,"Health, Medicine & Public Health"
credit-unions,ECONOMY_BUSINESS_INDUSTRY,"Economy, Business & Industry"
credit-unions,FINANCE_MARKETS_CONSUMER_AFFAIRS,"Finance, Markets & Consumer Affairs"
credit-unions,FINANCE_MARKETS_CONSUMER_AFFAIRS,"Finance, Markets & Consumer Affairs"
cricket,SPORT_RECREATION_PHYSICAL_ACTIVITY,"Sport, Recreation & Physical Activity"
critical-minerals,ECONOMY_BUSINESS_INDUSTRY,"Economy, Business & Industry"
critical-minerals,ENVIRONMENT_CLIMATE_SUSTAINABILITY,"Environment, Climate & Sustainability"
croatia,COUNTRY_GROUP,Country Group
crown-dependencies-and-british-overseas-territories,COUNTRY_GROUP,Country Group
crypto-and-digital-assets,ECONOMY_BUSINESS_INDUSTRY,"Economy, Business & Industry"
crypto-and-digital-assets,FINANCE_MARKETS_CONSUMER_AFFAIRS,"Finance, Markets & Consumer Affairs"
cuba,COUNTRY_GROUP,Country Group
cuba,COUNTRY_GROUP,Country Group
customer-service,ECONOMY_BUSINESS_INDUSTRY,"Economy, Business & Industry"
customer-service,FINANCE_MARKETS_CONSUMER_AFFAIRS,"Finance, Markets & Consumer Affairs"
cyber-innovation,SCIENCE_TECHNOLOGY_INNOVATION,"Science, Technology & Innovation"
cyber-security-and-business-resilience,SCIENCE_TECHNOLOGY_INNOVATION,"Science, Technology & Innovation"
cycling-and-walking,ENVIRONMENT_CLIMATE_SUSTAINABILITY,"Environment, Climate & Sustainability"
cycling-and-walking,INFRASTRUCTURE_TRANSPORT_MOBILITY,"Infrastructure, Transport & Mobility"
cyprus,COUNTRY_GROUP,Country Group
czechia,COUNTRY_GROUP,Country Group
dairy,FOOD_AGRICULTURE_RURAL_AFFAIRS,"Food, Agriculture & Rural Affairs"
dalits-and-adivasis-tribals,HUMAN_RIGHTS_EQUALITY_SOCIAL_JUSTICE,"Human Rights, Equality & Social Justice"
dark-skies,ENVIRONMENT_CLIMATE_SUSTAINABILITY,"Environment, Climate & Sustainability"
data-centres,SCIENCE_TECHNOLOGY_INNOVATION,"Science, Technology & Innovation"
deafness,HEALTH_MEDICINE_PUBLIC_HEALTH,"Health, Medicine & Public Health"
deafness,HEALTH_MEDICINE_PUBLIC_HEALTH,"Health, Medicine & Public Health"
deafness,HUMAN_RIGHTS_EQUALITY_SOCIAL_JUSTICE,"Human Rights, Equality & Social Justice"
deafness,HUMAN_RIGHTS_EQUALITY_SOCIAL_JUSTICE,"Human Rights, Equality & Social Justice"
debt-and-financial-inclusion,FINANCE_MARKETS_CONSUMER_AFFAIRS,"Finance, Markets & Consumer Affairs"
deep-geothermal,ENERGY_UTILITIES,Energy & Utilities
deep-geothermal,ENVIRONMENT_CLIMATE_SUSTAINABILITY,"Environment, Climate & Sustainability"
defence-and-security-sectors-supporting-local-communities,ECONOMY_BUSINESS_INDUSTRY,"Economy, Business & Industry"
defence-and-security-sectors-supporting-local-communities,JUSTICE_LAW_SECURITY,"Justice, Law & Security"
defence-and-security-sectors-supporting-local-communities,REGIONS_NATIONS_DEVOLUTION,"Regions, Nations & Devolution"
defence-technology,JUSTICE_LAW_SECURITY,"Justice, Law & Security"
defence-technology,SCIENCE_TECHNOLOGY_INNOVATION,"Science, Technology & Innovation"
defending-democracy,GOVERNANCE_DEMOCRACY_POLITICAL_REFORM,"Governance, Democracy & Political Reform"
defending-democracy,JUSTICE_LAW_SECURITY,"Justice, Law & Security"
defibrillators,HEALTH_MEDICINE_PUBLIC_HEALTH,"Health, Medicine & Public Health"
dementia,HEALTH_MEDICINE_PUBLIC_HEALTH,"Health, Medicine & Public Health"
dementia,HEALTH_MEDICINE_PUBLIC_HEALTH,"Health, Medicine & Public Health"
dementia,HEALTH_MEDICINE_PUBLIC_HEALTH,"Health, Medicine & Public Health"
dementia,HEALTH_MEDICINE_PUBLIC_HEALTH,"Health, Medicine & Public Health"
dementia,SOCIAL_CARE_WELFARE_FAMILY_SUPPORT,"Social Care, Welfare & Family Support"
dementia,SOCIAL_CARE_WELFARE_FAMILY_SUPPORT,"Social Care, Welfare & Family Support"
dementia-in-sport,HEALTH_MEDICINE_PUBLIC_HEALTH,"Health, Medicine & Public Health"
dementia-in-sport,SPORT_RECREATION_PHYSICAL_ACTIVITY,"Sport, Recreation & Physical Activity"
democratic-republic-of-congo,COUNTRY_GROUP,Country Group
dentistry-and-oral-health,HEALTH_MEDICINE_PUBLIC_HEALTH,"Health, Medicine & Public Health"
diabetes,HEALTH_MEDICINE_PUBLIC_HEALTH,"Health, Medicine & Public Health"
diabetes,HEALTH_MEDICINE_PUBLIC_HEALTH,"Health, Medicine & Public Health"
diabetes,HEALTH_MEDICINE_PUBLIC_HEALTH,"Health, Medicine & Public Health"
diabetes,HEALTH_MEDICINE_PUBLIC_HEALTH,"Health, Medicine & Public Health"
diabetes,HEALTH_MEDICINE_PUBLIC_HEALTH,"Health, Medicine & Public Health"
digital-communities,ECONOMY_BUSINESS_INDUSTRY,"Economy, Business & Industry"
digital-communities,INFRASTRUCTURE_TRANSPORT_MOBILITY,"Infrastructure, Transport & Mobility"
digital-communities,SCIENCE_TECHNOLOGY_INNOVATION,"Science, Technology & Innovation"
digital-creators,ARTS_CULTURE_HERITAGE_MEDIA,"Arts, Culture, Heritage & Media"
digital-creators,ECONOMY_BUSINESS_INDUSTRY,"Economy, Business & Industry"
digital-creators,SCIENCE_TECHNOLOGY_INNOVATION,"Science, Technology & Innovation"
digital-identity,ECONOMY_BUSINESS_INDUSTRY,"Economy, Business & Industry"
digital-inclusion,EDUCATION_SKILLS_YOUTH,"Education, Skills & Youth"
digital-markets-and-digital-money,FINANCE_MARKETS_CONSUMER_AFFAIRS,"Finance, Markets & Consumer Affairs"
digital-markets-and-digital-money,SCIENCE_TECHNOLOGY_INNOVATION,"Science, Technology & Innovation"
digital-regulation-and-responsibility,SCIENCE_TECHNOLOGY_INNOVATION,"Science, Technology & Innovation"
disability,HUMAN_RIGHTS_EQUALITY_SOCIAL_JUSTICE,"Human Rights, Equality & Social Justice"
disability,HUMAN_RIGHTS_EQUALITY_SOCIAL_JUSTICE,"Human Rights, Equality & Social Justice"
disability,HUMAN_RIGHTS_EQUALITY_SOCIAL_JUSTICE,"Human Rights, Equality & Social Justice"
disability,HUMAN_RIGHTS_EQUALITY_SOCIAL_JUSTICE,"Human Rights, Equality & Social Justice"
disability,HUMAN_RIGHTS_EQUALITY_SOCIAL_JUSTICE,"Human Rights, Equality & Social Justice"
disability,SOCIAL_CARE_WELFARE_FAMILY_SUPPORT,"Social Care, Welfare & Family Support"
diversity-and-inclusion-in-science-technology-engineering-and-mathematics,SCIENCE_TECHNOLOGY_INNOVATION,"Science, Technology & Innovation"
dog-advisory-welfare,ANIMALS_ANIMAL_WELFARE,Animals & Animal Welfare
domestic-violence-and-abuse,HUMAN_RIGHTS_EQUALITY_SOCIAL_JUSTICE,"Human Rights, Equality & Social Justice"
domestic-violence-and-abuse,JUSTICE_LAW_SECURITY,"Justice, Law & Security"
domestic-violence-and-abuse,SOCIAL_CARE_WELFARE_FAMILY_SUPPORT,"Social Care, Welfare & Family Support"
down-syndrome,HEALTH_MEDICINE_PUBLIC_HEALTH,"Health, Medicine & Public Health"
down-syndrome,HUMAN_RIGHTS_EQUALITY_SOCIAL_JUSTICE,"Human Rights, Equality & Social Justice"
down-syndrome,SOCIAL_CARE_WELFARE_FAMILY_SUPPORT,"Social Care, Welfare & Family Support"
drugs-alcohol-and-justice,HEALTH_MEDICINE_PUBLIC_HEALTH,"Health, Medicine & Public Health"
drugs-alcohol-and-justice,JUSTICE_LAW_SECURITY,"Justice, Law & Security"
dying-well,HEALTH_MEDICINE_PUBLIC_HEALTH,"Health, Medicine & Public Health"
dying-well,SOCIAL_CARE_WELFARE_FAMILY_SUPPORT,"Social Care, Welfare & Family Support"
dyslexia,EDUCATION_SKILLS_YOUTH,"Education, Skills & Youth"
dyslexia,EDUCATION_SKILLS_YOUTH,"Education, Skills & Youth"
dyslexia,HEALTH_MEDICINE_PUBLIC_HEALTH,"Health, Medicine & Public Health"
dyslexia,HEALTH_MEDICINE_PUBLIC_HEALTH,"Health, Medicine & Public Health"
dyslexia,SOCIAL_CARE_WELFARE_FAMILY_SUPPORT,"Social Care, Welfare & Family Support"
dyslexia,SOCIAL_CARE_WELFARE_FAMILY_SUPPORT,"Social Care, Welfare & Family Support"
early-education-and-childcare,EDUCATION_SKILLS_YOUTH,"Education, Skills & Youth"
early-education-and-childcare,EDUCATION_SKILLS_YOUTH,"Education, Skills & Youth"
early-education-and-childcare,SOCIAL_CARE_WELFARE_FAMILY_SUPPORT,"Social Care, Welfare & Family Support"
east-midlands,INFRASTRUCTURE_TRANSPORT_MOBILITY,"Infrastructure, Transport & Mobility"
east-midlands,REGIONS_NATIONS_DEVOLUTION,"Regions, Nations & Devolution"
east-of-england,REGIONS_NATIONS_DEVOLUTION,"Regions, Nations & Devolution"
eating-disorders,HEALTH_MEDICINE_PUBLIC_HEALTH,"Health, Medicine & Public Health"
eating-disorders,HEALTH_MEDICINE_PUBLIC_HEALTH,"Health, Medicine & Public Health"
eating-disorders,HEALTH_MEDICINE_PUBLIC_HEALTH,"Health, Medicine & Public Health"
eating-disorders,SOCIAL_CARE_WELFARE_FAMILY_SUPPORT,"Social Care, Welfare & Family Support"
eating-disorders,SOCIAL_CARE_WELFARE_FAMILY_SUPPORT,"Social Care, Welfare & Family Support"
education,EDUCATION_SKILLS_YOUTH,"Education, Skills & Youth"
egypt,COUNTRY_GROUP,Country Group
electric-vehicle,INFRASTRUCTURE_TRANSPORT_MOBILITY,"Infrastructure, Transport & Mobility"
emergency-care,HEALTH_MEDICINE_PUBLIC_HEALTH,"Health, Medicine & Public Health"
emerging-drugs-and-online-behavioural-trends,HEALTH_MEDICINE_PUBLIC_HEALTH,"Health, Medicine & Public Health"
emotional-support-for-parent-carers-of-seriously-ill-and-disabled-children,SOCIAL_CARE_WELFARE_FAMILY_SUPPORT,"Social Care, Welfare & Family Support"
endometriosis,HEALTH_MEDICINE_PUBLIC_HEALTH,"Health, Medicine & Public Health"
energy-studies,ENERGY_UTILITIES,Energy & Utilities
engineering,EDUCATION_SKILLS_YOUTH,"Education, Skills & Youth"
engineering,SCIENCE_TECHNOLOGY_INNOVATION,"Science, Technology & Innovation"
entrepreneurship,ECONOMY_BUSINESS_INDUSTRY,"Economy, Business & Industry"
environment,ENERGY_UTILITIES,Energy & Utilities
environment,ENVIRONMENT_CLIMATE_SUSTAINABILITY,"Environment, Climate & Sustainability"
equitable-governance,ECONOMY_BUSINESS_INDUSTRY,"Economy, Business & Industry"
equitable-governance,GOVERNANCE_DEMOCRACY_POLITICAL_REFORM,"Governance, Democracy & Political Reform"
equitable-governance,HUMAN_RIGHTS_EQUALITY_SOCIAL_JUSTICE,"Human Rights, Equality & Social Justice"
estonia,COUNTRY_GROUP,Country Group
ethics-and-sustainability-in-fashion,ECONOMY_BUSINESS_INDUSTRY,"Economy, Business & Industry"
ethics-and-sustainability-in-fashion,ENVIRONMENT_CLIMATE_SUSTAINABILITY,"Environment, Climate & Sustainability"
ethnic-minority-business-owners,ECONOMY_BUSINESS_INDUSTRY,"Economy, Business & Industry"
ethnic-minority-business-owners,HUMAN_RIGHTS_EQUALITY_SOCIAL_JUSTICE,"Human Rights, Equality & Social Justice"
ethnicity-transplantation-and-transfusion,HEALTH_MEDICINE_PUBLIC_HEALTH,"Health, Medicine & Public Health"
europe,COUNTRY_GROUP,Country Group
europe,COUNTRY_GROUP,Country Group
europe,INTERNATIONAL_AFFAIRS_DEVELOPMENT_TRADE,"International Affairs, Development & Trade"
events,ECONOMY_BUSINESS_INDUSTRY,"Economy, Business & Industry"
explosive-weapons-and-their-impact,INTERNATIONAL_AFFAIRS_DEVELOPMENT_TRADE,"International Affairs, Development & Trade"
explosive-weapons-and-their-impact,JUSTICE_LAW_SECURITY,"Justice, Law & Security"
extraordinary-rendition,HUMAN_RIGHTS_EQUALITY_SOCIAL_JUSTICE,"Human Rights, Equality & Social Justice"
extraordinary-rendition,JUSTICE_LAW_SECURITY,"Justice, Law & Security"
eye-health-and-visual-impairment,HEALTH_MEDICINE_PUBLIC_HEALTH,"Health, Medicine & Public Health"
fair-banking,FINANCE_MARKETS_CONSUMER_AFFAIRS,"Finance, Markets & Consumer Affairs"
fair-elections,GOVERNANCE_DEMOCRACY_POLITICAL_REFORM,"Governance, Democracy & Political Reform"
fairgrounds-and-circuses,ARTS_CULTURE_HERITAGE_MEDIA,"Arts, Culture, Heritage & Media"
fairtrade,INTERNATIONAL_AFFAIRS_DEVELOPMENT_TRADE,"International Affairs, Development & Trade"
faith-and-society,RELIGION_FAITH_BELIEF_COMMUNITIES,"Religion, Faith & Belief Communities"
faith-and-society,SOCIAL_CARE_WELFARE_FAMILY_SUPPORT,"Social Care, Welfare & Family Support"
falkland-islands,COUNTRY_GROUP,Country Group
family-hubs,EDUCATION_SKILLS_YOUTH,"Education, Skills & Youth"
family-hubs,SOCIAL_CARE_WELFARE_FAMILY_SUPPORT,"Social Care, Welfare & Family Support"
farming,FOOD_AGRICULTURE_RURAL_AFFAIRS,"Food, Agriculture & Rural Affairs"
fatherhood,SOCIAL_CARE_WELFARE_FAMILY_SUPPORT,"Social Care, Welfare & Family Support"
fiji,COUNTRY_GROUP,Country Group
film-and-broader-screen,ARTS_CULTURE_HERITAGE_MEDIA,"Arts, Culture, Heritage & Media"
financial-education-for-young-people,EDUCATION_SKILLS_YOUTH,"Education, Skills & Youth"
financial-markets-and-services,FINANCE_MARKETS_CONSUMER_AFFAIRS,"Finance, Markets & Consumer Affairs"
financial-technology,FINANCE_MARKETS_CONSUMER_AFFAIRS,"Finance, Markets & Consumer Affairs"
fire-safety-and-rescue,HOUSING_PLANNING_BUILT_ENVIRONMENT,"Housing, Planning & Built Environment"
fire-safety-and-rescue,JUSTICE_LAW_SECURITY,"Justice, Law & Security"
first-do-no-harm---mesh-primodos-valproate,HEALTH_MEDICINE_PUBLIC_HEALTH,"Health, Medicine & Public Health"
fisheries,ENVIRONMENT_CLIMATE_SUSTAINABILITY,"Environment, Climate & Sustainability"
fisheries,FOOD_AGRICULTURE_RURAL_AFFAIRS,"Food, Agriculture & Rural Affairs"
flexible-and-family-friendly-working,ECONOMY_BUSINESS_INDUSTRY,"Economy, Business & Industry"
flexible-and-family-friendly-working,SOCIAL_CARE_WELFARE_FAMILY_SUPPORT,"Social Care, Welfare & Family Support"
floating-offshore-wind,ENERGY_UTILITIES,Energy & Utilities
floating-offshore-wind,ENVIRONMENT_CLIMATE_SUSTAINABILITY,"Environment, Climate & Sustainability"
flooding-and-flooded-communities,ENVIRONMENT_CLIMATE_SUSTAINABILITY,"Environment, Climate & Sustainability"
food-and-drink,ECONOMY_BUSINESS_INDUSTRY,"Economy, Business & Industry"
food-and-drink,FOOD_AGRICULTURE_RURAL_AFFAIRS,"Food, Agriculture & Rural Affairs"
food-banks,ECONOMY_BUSINESS_INDUSTRY,"Economy, Business & Industry"
food-banks,SOCIAL_CARE_WELFARE_FAMILY_SUPPORT,"Social Care, Welfare & Family Support"
football,SPORT_RECREATION_PHYSICAL_ACTIVITY,"Sport, Recreation & Physical Activity"
football,SPORT_RECREATION_PHYSICAL_ACTIVITY,"Sport, Recreation & Physical Activity"
football-club,SPORT_RECREATION_PHYSICAL_ACTIVITY,"Sport, Recreation & Physical Activity"
football-supporters,SPORT_RECREATION_PHYSICAL_ACTIVITY,"Sport, Recreation & Physical Activity"
foreign-affairs,INTERNATIONAL_AFFAIRS_DEVELOPMENT_TRADE,"International Affairs, Development & Trade"
forestry-and-timber-security,ENVIRONMENT_CLIMATE_SUSTAINABILITY,"Environment, Climate & Sustainability"
formula-1-and-motorsport,SPORT_RECREATION_PHYSICAL_ACTIVITY,"Sport, Recreation & Physical Activity"
france,COUNTRY_GROUP,Country Group
france,COUNTRY_GROUP,Country Group
freedom-of-speech,HUMAN_RIGHTS_EQUALITY_SOCIAL_JUSTICE,"Human Rights, Equality & Social Justice"
freight-and-logistics,INFRASTRUCTURE_TRANSPORT_MOBILITY,"Infrastructure, Transport & Mobility"
funerals-and-bereavement,REGIONS_NATIONS_DEVOLUTION,"Regions, Nations & Devolution"
funerals-and-bereavement,SOCIAL_CARE_WELFARE_FAMILY_SUPPORT,"Social Care, Welfare & Family Support"
funerals-and-bereavement,SOCIAL_CARE_WELFARE_FAMILY_SUPPORT,"Social Care, Welfare & Family Support"
funerals-and-bereavement,SOCIAL_CARE_WELFARE_FAMILY_SUPPORT,"Social Care, Welfare & Family Support"
funerals-and-bereavement,SOCIAL_CARE_WELFARE_FAMILY_SUPPORT,"Social Care, Welfare & Family Support"
funerals-and-bereavement,SOCIAL_CARE_WELFARE_FAMILY_SUPPORT,"Social Care, Welfare & Family Support"
funerals-coroners-and-bereavement,SOCIAL_CARE_WELFARE_FAMILY_SUPPORT,"Social Care, Welfare & Family Support"
furniture-industry,ECONOMY_BUSINESS_INDUSTRY,"Economy, Business & Industry"
further-education-and-lifelong-learning,EDUCATION_SKILLS_YOUTH,"Education, Skills & Youth"
fusion-energy,ENERGY_UTILITIES,Energy & Utilities
fusion-energy,SCIENCE_TECHNOLOGY_INNOVATION,"Science, Technology & Innovation"
future-generations,GOVERNANCE_DEMOCRACY_POLITICAL_REFORM,"Governance, Democracy & Political Reform"
future-homes-skills-and-innovation,ECONOMY_BUSINESS_INDUSTRY,"Economy, Business & Industry"
future-homes-skills-and-innovation,EDUCATION_SKILLS_YOUTH,"Education, Skills & Youth"
future-homes-skills-and-innovation,ENVIRONMENT_CLIMATE_SUSTAINABILITY,"Environment, Climate & Sustainability"
future-homes-skills-and-innovation,HOUSING_PLANNING_BUILT_ENVIRONMENT,"Housing, Planning & Built Environment"
future-homes-skills-and-innovation,SCIENCE_TECHNOLOGY_INNOVATION,"Science, Technology & Innovation"
future-of-financial-services,FINANCE_MARKETS_CONSUMER_AFFAIRS,"Finance, Markets & Consumer Affairs"
future-of-work,SCIENCE_TECHNOLOGY_INNOVATION,"Science, Technology & Innovation"
gambling-reform,SOCIAL_CARE_WELFARE_FAMILY_SUPPORT,"Social Care, Welfare & Family Support"
gaps-in-covid-19-financial-support,ECONOMY_BUSINESS_INDUSTRY,"Economy, Business & Industry"
gaps-in-covid-19-financial-support,FINANCE_MARKETS_CONSUMER_AFFAIRS,"Finance, Markets & Consumer Affairs"
gaps-in-covid-19-financial-support,SOCIAL_CARE_WELFARE_FAMILY_SUPPORT,"Social Care, Welfare & Family Support"
gardening-and-horticulture,FOOD_AGRICULTURE_RURAL_AFFAIRS,"Food, Agriculture & Rural Affairs"
gardening-and-horticulture,FOOD_AGRICULTURE_RURAL_AFFAIRS,"Food, Agriculture & Rural Affairs"
genetic-haemochromatosis,HEALTH_MEDICINE_PUBLIC_HEALTH,"Health, Medicine & Public Health"
genetic-rare-and-undiagnosed-conditions,HEALTH_MEDICINE_PUBLIC_HEALTH,"Health, Medicine & Public Health"
genetic-rare-and-undiagnosed-conditions,SOCIAL_CARE_WELFARE_FAMILY_SUPPORT,"Social Care, Welfare & Family Support"
genocide-prevention,HUMAN_RIGHTS_EQUALITY_SOCIAL_JUSTICE,"Human Rights, Equality & Social Justice"
genocide-prevention,JUSTICE_LAW_SECURITY,"Justice, Law & Security"
georgia,COUNTRY_GROUP,Country Group
germany,COUNTRY_GROUP,Country Group
germany,COUNTRY_GROUP,Country Group
germany,INTERNATIONAL_AFFAIRS_DEVELOPMENT_TRADE,"International Affairs, Development & Trade"
get-refusal,HUMAN_RIGHTS_EQUALITY_SOCIAL_JUSTICE,"Human Rights, Equality & Social Justice"
get-refusal,RELIGION_FAITH_BELIEF_COMMUNITIES,"Religion, Faith & Belief Communities"
ghana,COUNTRY_GROUP,Country Group
gibraltar,COUNTRY_GROUP,Country Group
global-deforestation,ENVIRONMENT_CLIMATE_SUSTAINABILITY,"Environment, Climate & Sustainability"
global-education,EDUCATION_SKILLS_YOUTH,"Education, Skills & Youth"
global-education,INTERNATIONAL_AFFAIRS_DEVELOPMENT_TRADE,"International Affairs, Development & Trade"
global-health-and-security,HEALTH_MEDICINE_PUBLIC_HEALTH,"Health, Medicine & Public Health"
global-lesbian-gay-bisexual-and-transgender-lgbt-rights,HUMAN_RIGHTS_EQUALITY_SOCIAL_JUSTICE,"Human Rights, Equality & Social Justice"
global-lesbian-gay-bisexual-and-transgender-lgbt-rights,INTERNATIONAL_AFFAIRS_DEVELOPMENT_TRADE,"International Affairs, Development & Trade"
global-sexual-and-reproductive-health-and-rights,HEALTH_MEDICINE_PUBLIC_HEALTH,"Health, Medicine & Public Health"
global-sexual-and-reproductive-health-and-rights,HUMAN_RIGHTS_EQUALITY_SOCIAL_JUSTICE,"Human Rights, Equality & Social Justice"
global-sexual-and-reproductive-health-and-rights,INTERNATIONAL_AFFAIRS_DEVELOPMENT_TRADE,"International Affairs, Development & Trade"
global-tuberculosis,HEALTH_MEDICINE_PUBLIC_HEALTH,"Health, Medicine & Public Health"
global-tuberculosis,INTERNATIONAL_AFFAIRS_DEVELOPMENT_TRADE,"International Affairs, Development & Trade"
golf,SPORT_RECREATION_PHYSICAL_ACTIVITY,"Sport, Recreation & Physical Activity"
governance-and-inclusive-leadership,GOVERNANCE_DEMOCRACY_POLITICAL_REFORM,"Governance, Democracy & Political Reform"
governance-and-inclusive-leadership,HUMAN_RIGHTS_EQUALITY_SOCIAL_JUSTICE,"Human Rights, Equality & Social Justice"
greater-manchester,REGIONS_NATIONS_DEVOLUTION,"Regions, Nations & Devolution"
greece,COUNTRY_GROUP,Country Group
greenland,COUNTRY_GROUP,Country Group
greyhound,ANIMALS_ANIMAL_WELFARE,Animals & Animal Welfare
grid-networks,ENERGY_UTILITIES,Energy & Utilities
grid-networks,INFRASTRUCTURE_TRANSPORT_MOBILITY,"Infrastructure, Transport & Mobility"
grief-support-and-the-impact-of-death-on-society,HEALTH_MEDICINE_PUBLIC_HEALTH,"Health, Medicine & Public Health"
grief-support-and-the-impact-of-death-on-society,SOCIAL_CARE_WELFARE_FAMILY_SUPPORT,"Social Care, Welfare & Family Support"
gypsies-travellers-and-roma,HUMAN_RIGHTS_EQUALITY_SOCIAL_JUSTICE,"Human Rights, Equality & Social Justice"
hadrians-wall,ARTS_CULTURE_HERITAGE_MEDIA,"Arts, Culture, Heritage & Media"
hadrians-wall,ECONOMY_BUSINESS_INDUSTRY,"Economy, Business & Industry"
hadrians-wall,REGIONS_NATIONS_DEVOLUTION,"Regions, Nations & Devolution"
haemophilia-and-contaminated-blood,HEALTH_MEDICINE_PUBLIC_HEALTH,"Health, Medicine & Public Health"
haiti,COUNTRY_GROUP,Country Group
hazaras,COUNTRY_GROUP,Country Group
hazaras,HUMAN_RIGHTS_EQUALITY_SOCIAL_JUSTICE,"Human Rights, Equality & Social Justice"
hazaras,INTERNATIONAL_AFFAIRS_DEVELOPMENT_TRADE,"International Affairs, Development & Trade"
health,HEALTH_MEDICINE_PUBLIC_HEALTH,"Health, Medicine & Public Health"
healthcare-workers,HEALTH_MEDICINE_PUBLIC_HEALTH,"Health, Medicine & Public Health"
healthy-homes-and-buildings,HEALTH_MEDICINE_PUBLIC_HEALTH,"Health, Medicine & Public Health"
healthy-homes-and-buildings,HOUSING_PLANNING_BUILT_ENVIRONMENT,"Housing, Planning & Built Environment"
healthy-places,HEALTH_MEDICINE_PUBLIC_HEALTH,"Health, Medicine & Public Health"
hemp-carbon-capture-and-rural-development,ECONOMY_BUSINESS_INDUSTRY,"Economy, Business & Industry"
hemp-carbon-capture-and-rural-development,ENERGY_UTILITIES,Energy & Utilities
hemp-carbon-capture-and-rural-development,ENVIRONMENT_CLIMATE_SUSTAINABILITY,"Environment, Climate & Sustainability"
hemp-carbon-capture-and-rural-development,FOOD_AGRICULTURE_RURAL_AFFAIRS,"Food, Agriculture & Rural Affairs"
heritage-rail,ARTS_CULTURE_HERITAGE_MEDIA,"Arts, Culture, Heritage & Media"
historic-vehicles,ARTS_CULTURE_HERITAGE_MEDIA,"Arts, Culture, Heritage & Media"
hiv-aids-and-sexual-health,HEALTH_MEDICINE_PUBLIC_HEALTH,"Health, Medicine & Public Health"
holy-see,INTERNATIONAL_AFFAIRS_DEVELOPMENT_TRADE,"International Affairs, Development & Trade"
holy-see,RELIGION_FAITH_BELIEF_COMMUNITIES,"Religion, Faith & Belief Communities"
homelessness,HOUSING_PLANNING_BUILT_ENVIRONMENT,"Housing, Planning & Built Environment"
homelessness,HOUSING_PLANNING_BUILT_ENVIRONMENT,"Housing, Planning & Built Environment"
homelessness,SOCIAL_CARE_WELFARE_FAMILY_SUPPORT,"Social Care, Welfare & Family Support"
homelessness,SOCIAL_CARE_WELFARE_FAMILY_SUPPORT,"Social Care, Welfare & Family Support"
hong-kong,COUNTRY_GROUP,Country Group
hospice-and-end-of-life-care,HEALTH_MEDICINE_PUBLIC_HEALTH,"Health, Medicine & Public Health"
hospice-and-end-of-life-care,SOCIAL_CARE_WELFARE_FAMILY_SUPPORT,"Social Care, Welfare & Family Support"
hospitality-and-tourism,ECONOMY_BUSINESS_INDUSTRY,"Economy, Business & Industry"
hospitality-events-major-food-and-drink-businesses-in-wales,ECONOMY_BUSINESS_INDUSTRY,"Economy, Business & Industry"
hospitality-events-major-food-and-drink-businesses-in-wales,FOOD_AGRICULTURE_RURAL_AFFAIRS,"Food, Agriculture & Rural Affairs"
hospitality-events-major-food-and-drink-businesses-in-wales,REGIONS_NATIONS_DEVOLUTION,"Regions, Nations & Devolution"
households-in-temporary-accommodation,EDUCATION_SKILLS_YOUTH,"Education, Skills & Youth"
households-in-temporary-accommodation,HEALTH_MEDICINE_PUBLIC_HEALTH,"Health, Medicine & Public Health"
households-in-temporary-accommodation,HOUSING_PLANNING_BUILT_ENVIRONMENT,"Housing, Planning & Built Environment"
households-in-temporary-accommodation,SOCIAL_CARE_WELFARE_FAMILY_SUPPORT,"Social Care, Welfare & Family Support"
housing-and-care-for-older-people,HOUSING_PLANNING_BUILT_ENVIRONMENT,"Housing, Planning & Built Environment"
human-rights,HUMAN_RIGHTS_EQUALITY_SOCIAL_JUSTICE,"Human Rights, Equality & Social Justice"
human-rights,HUMAN_RIGHTS_EQUALITY_SOCIAL_JUSTICE,"Human Rights, Equality & Social Justice"
human-rights,HUMAN_RIGHTS_EQUALITY_SOCIAL_JUSTICE,"Human Rights, Equality & Social Justice"
human-trafficking-and-modern-slavery,HUMAN_RIGHTS_EQUALITY_SOCIAL_JUSTICE,"Human Rights, Equality & Social Justice"
human-trafficking-and-modern-slavery,JUSTICE_LAW_SECURITY,"Justice, Law & Security"
humanist,RELIGION_FAITH_BELIEF_COMMUNITIES,"Religion, Faith & Belief Communities"
hydrogen,ENERGY_UTILITIES,Energy & Utilities
hydrogen,ENVIRONMENT_CLIMATE_SUSTAINABILITY,"Environment, Climate & Sustainability"
hydrogen,SCIENCE_TECHNOLOGY_INNOVATION,"Science, Technology & Innovation"
immigration-detention,HUMAN_RIGHTS_EQUALITY_SOCIAL_JUSTICE,"Human Rights, Equality & Social Justice"
immigration-detention,JUSTICE_LAW_SECURITY,"Justice, Law & Security"
inclusion-and-nurture-in-education,EDUCATION_SKILLS_YOUTH,"Education, Skills & Youth"
india,COUNTRY_GROUP,Country Group
india,COUNTRY_GROUP,Country Group
india,INTERNATIONAL_AFFAIRS_DEVELOPMENT_TRADE,"International Affairs, Development & Trade"
indian-traditional-sciences,HEALTH_MEDICINE_PUBLIC_HEALTH,"Health, Medicine & Public Health"
indonesia,COUNTRY_GROUP,Country Group
industrial-hemp,ECONOMY_BUSINESS_INDUSTRY,"Economy, Business & Industry"
industrial-strategy,ECONOMY_BUSINESS_INDUSTRY,"Economy, Business & Industry"
industrialised-construction,HOUSING_PLANNING_BUILT_ENVIRONMENT,"Housing, Planning & Built Environment"
infant-feeding,HEALTH_MEDICINE_PUBLIC_HEALTH,"Health, Medicine & Public Health"
infant-feeding,SOCIAL_CARE_WELFARE_FAMILY_SUPPORT,"Social Care, Welfare & Family Support"
infant-feeding-and-inequalities,HEALTH_MEDICINE_PUBLIC_HEALTH,"Health, Medicine & Public Health"
infrastructure,INFRASTRUCTURE_TRANSPORT_MOBILITY,"Infrastructure, Transport & Mobility"
insurance-and-financial-services,FINANCE_MARKETS_CONSUMER_AFFAIRS,"Finance, Markets & Consumer Affairs"
intellectual-property,ECONOMY_BUSINESS_INDUSTRY,"Economy, Business & Industry"
intellectual-property,SCIENCE_TECHNOLOGY_INNOVATION,"Science, Technology & Innovation"
interfaith-dialogue,RELIGION_FAITH_BELIEF_COMMUNITIES,"Religion, Faith & Belief Communities"
intergenerational-inquiry,EDUCATION_SKILLS_YOUTH,"Education, Skills & Youth"
intergenerational-inquiry,GOVERNANCE_DEMOCRACY_POLITICAL_REFORM,"Governance, Democracy & Political Reform"
international-conservation,ENVIRONMENT_CLIMATE_SUSTAINABILITY,"Environment, Climate & Sustainability"
international-freedom-of-religion-or-belief,HUMAN_RIGHTS_EQUALITY_SOCIAL_JUSTICE,"Human Rights, Equality & Social Justice"
international-freedom-of-religion-or-belief,INTERNATIONAL_AFFAIRS_DEVELOPMENT_TRADE,"International Affairs, Development & Trade"
international-freedom-of-religion-or-belief,RELIGION_FAITH_BELIEF_COMMUNITIES,"Religion, Faith & Belief Communities"
international-law-justice-and-accountability,INTERNATIONAL_AFFAIRS_DEVELOPMENT_TRADE,"International Affairs, Development & Trade"
international-law-justice-and-accountability,JUSTICE_LAW_SECURITY,"Justice, Law & Security"
international-students,EDUCATION_SKILLS_YOUTH,"Education, Skills & Youth"
international-trade-and-investment,INTERNATIONAL_AFFAIRS_DEVELOPMENT_TRADE,"International Affairs, Development & Trade"
internet-communications-and-technology,SCIENCE_TECHNOLOGY_INNOVATION,"Science, Technology & Innovation"
investment-fraud-and-fairer-financial-services,FINANCE_MARKETS_CONSUMER_AFFAIRS,"Finance, Markets & Consumer Affairs"
iraq,COUNTRY_GROUP,Country Group
ireland-and-the-irish-in-britain,COUNTRY_GROUP,Country Group
islamic-and-ethical-finance,FINANCE_MARKETS_CONSUMER_AFFAIRS,"Finance, Markets & Consumer Affairs"
islamic-and-ethical-finance,RELIGION_FAITH_BELIEF_COMMUNITIES,"Religion, Faith & Belief Communities"
isle-of-man-manx,COUNTRY_GROUP,Country Group
israel,COUNTRY_GROUP,Country Group
italy,COUNTRY_GROUP,Country Group
itv,ARTS_CULTURE_HERITAGE_MEDIA,"Arts, Culture, Heritage & Media"
jamaica,COUNTRY_GROUP,Country Group
japan,COUNTRY_GROUP,Country Group
japan,COUNTRY_GROUP,Country Group
japan,INTERNATIONAL_AFFAIRS_DEVELOPMENT_TRADE,"International Affairs, Development & Trade"
jazz,ARTS_CULTURE_HERITAGE_MEDIA,"Arts, Culture, Heritage & Media"
jordan,COUNTRY_GROUP,Country Group
kashmir,COUNTRY_GROUP,Country Group
key-cities,GOVERNANCE_DEMOCRACY_POLITICAL_REFORM,"Governance, Democracy & Political Reform"
key-cities,REGIONS_NATIONS_DEVOLUTION,"Regions, Nations & Devolution"
kidney,HEALTH_MEDICINE_PUBLIC_HEALTH,"Health, Medicine & Public Health"
kinship-care,SOCIAL_CARE_WELFARE_FAMILY_SUPPORT,"Social Care, Welfare & Family Support"
kosovo-and-albania,COUNTRY_GROUP,Country Group
kurdistan-region-in-iraq,COUNTRY_GROUP,Country Group
kurds,HUMAN_RIGHTS_EQUALITY_SOCIAL_JUSTICE,"Human Rights, Equality & Social Justice"
kurds,INTERNATIONAL_AFFAIRS_DEVELOPMENT_TRADE,"International Affairs, Development & Trade"
kuwait,COUNTRY_GROUP,Country Group
lancashire,REGIONS_NATIONS_DEVOLUTION,"Regions, Nations & Devolution"
latin-america,COUNTRY_GROUP,Country Group
leamside-line,ECONOMY_BUSINESS_INDUSTRY,"Economy, Business & Industry"
leamside-line,ENVIRONMENT_CLIMATE_SUSTAINABILITY,"Environment, Climate & Sustainability"
leamside-line,INFRASTRUCTURE_TRANSPORT_MOBILITY,"Infrastructure, Transport & Mobility"
learning-disability,EDUCATION_SKILLS_YOUTH,"Education, Skills & Youth"
learning-disability,HEALTH_MEDICINE_PUBLIC_HEALTH,"Health, Medicine & Public Health"
learning-disability,HUMAN_RIGHTS_EQUALITY_SOCIAL_JUSTICE,"Human Rights, Equality & Social Justice"
learning-disability,REGIONS_NATIONS_DEVOLUTION,"Regions, Nations & Devolution"
learning-disability,SOCIAL_CARE_WELFARE_FAMILY_SUPPORT,"Social Care, Welfare & Family Support"
learning-disability,SOCIAL_CARE_WELFARE_FAMILY_SUPPORT,"Social Care, Welfare & Family Support"
learning-disability,SOCIAL_CARE_WELFARE_FAMILY_SUPPORT,"Social Care, Welfare & Family Support"
learning-disability,SOCIAL_CARE_WELFARE_FAMILY_SUPPORT,"Social Care, Welfare & Family Support"
leasehold-and-commonhold-reform,HOUSING_PLANNING_BUILT_ENVIRONMENT,"Housing, Planning & Built Environment"
lebanon,COUNTRY_GROUP,Country Group
legal-and-constitutional-affairs,GOVERNANCE_DEMOCRACY_POLITICAL_REFORM,"Governance, Democracy & Political Reform"
legal-and-constitutional-affairs,JUSTICE_LAW_SECURITY,"Justice, Law & Security"
less-survivable-cancers,HEALTH_MEDICINE_PUBLIC_HEALTH,"Health, Medicine & Public Health"
libya,COUNTRY_GROUP,Country Group
life-sciences,HEALTH_MEDICINE_PUBLIC_HEALTH,"Health, Medicine & Public Health"
life-sciences,SCIENCE_TECHNOLOGY_INNOVATION,"Science, Technology & Innovation"
life-sciences,SCIENCE_TECHNOLOGY_INNOVATION,"Science, Technology & Innovation"
listed-properties,ARTS_CULTURE_HERITAGE_MEDIA,"Arts, Culture, Heritage & Media"
listed-properties,HOUSING_PLANNING_BUILT_ENVIRONMENT,"Housing, Planning & Built Environment"
literacy,EDUCATION_SKILLS_YOUTH,"Education, Skills & Youth"
lithuania,COUNTRY_GROUP,Country Group
liver-disease-and-liver-cancer,COUNTRY_GROUP,Country Group
liver-disease-and-liver-cancer,HEALTH_MEDICINE_PUBLIC_HEALTH,"Health, Medicine & Public Health"
liver-disease-and-liver-cancer,HEALTH_MEDICINE_PUBLIC_HEALTH,"Health, Medicine & Public Health"
liver-disease-and-liver-cancer,HEALTH_MEDICINE_PUBLIC_HEALTH,"Health, Medicine & Public Health"
liver-disease-and-liver-cancer,REGIONS_NATIONS_DEVOLUTION,"Regions, Nations & Devolution"
liverpool-city-region,REGIONS_NATIONS_DEVOLUTION,"Regions, Nations & Devolution"
loan-charge-and-taxpayer-fairness,FINANCE_MARKETS_CONSUMER_AFFAIRS,"Finance, Markets & Consumer Affairs"
local-government,GOVERNANCE_DEMOCRACY_POLITICAL_REFORM,"Governance, Democracy & Political Reform"
local-growth,ECONOMY_BUSINESS_INDUSTRY,"Economy, Business & Industry"
local-growth,REGIONS_NATIONS_DEVOLUTION,"Regions, Nations & Devolution"
local-markets,ECONOMY_BUSINESS_INDUSTRY,"Economy, Business & Industry"
local-markets,FINANCE_MARKETS_CONSUMER_AFFAIRS,"Finance, Markets & Consumer Affairs"
local-nature-recovery,ENVIRONMENT_CLIMATE_SUSTAINABILITY,"Environment, Climate & Sustainability"
london,REGIONS_NATIONS_DEVOLUTION,"Regions, Nations & Devolution"
long-covid,HEALTH_MEDICINE_PUBLIC_HEALTH,"Health, Medicine & Public Health"
long-covid,HEALTH_MEDICINE_PUBLIC_HEALTH,"Health, Medicine & Public Health"
long-covid,HEALTH_MEDICINE_PUBLIC_HEALTH,"Health, Medicine & Public Health"
long-covid,HEALTH_MEDICINE_PUBLIC_HEALTH,"Health, Medicine & Public Health"
magnitsky-sanctions-and-reparation,HUMAN_RIGHTS_EQUALITY_SOCIAL_JUSTICE,"Human Rights, Equality & Social Justice"
magnitsky-sanctions-and-reparation,INTERNATIONAL_AFFAIRS_DEVELOPMENT_TRADE,"International Affairs, Development & Trade"
magnitsky-sanctions-and-reparation,JUSTICE_LAW_SECURITY,"Justice, Law & Security"
malaria-and-neglected-tropical-diseases,HEALTH_MEDICINE_PUBLIC_HEALTH,"Health, Medicine & Public Health"
malaria-and-neglected-tropical-diseases,INTERNATIONAL_AFFAIRS_DEVELOPMENT_TRADE,"International Affairs, Development & Trade"
malaysia,COUNTRY_GROUP,Country Group
maldives,COUNTRY_GROUP,Country Group
male-suicide,HEALTH_MEDICINE_PUBLIC_HEALTH,"Health, Medicine & Public Health"
male-suicide,SOCIAL_CARE_WELFARE_FAMILY_SUPPORT,"Social Care, Welfare & Family Support"
male-suicide-and-mental-health,HEALTH_MEDICINE_PUBLIC_HEALTH,"Health, Medicine & Public Health"
male-suicide-and-mental-health,SOCIAL_CARE_WELFARE_FAMILY_SUPPORT,"Social Care, Welfare & Family Support"
malta,COUNTRY_GROUP,Country Group
manufacturing,ECONOMY_BUSINESS_INDUSTRY,"Economy, Business & Industry"
marine-energy,ENERGY_UTILITIES,Energy & Utilities
maritime-and-ports,ECONOMY_BUSINESS_INDUSTRY,"Economy, Business & Industry"
maritime-and-ports,INFRASTRUCTURE_TRANSPORT_MOBILITY,"Infrastructure, Transport & Mobility"
maternity,HEALTH_MEDICINE_PUBLIC_HEALTH,"Health, Medicine & Public Health"
media,ARTS_CULTURE_HERITAGE_MEDIA,"Arts, Culture, Heritage & Media"
media-freedom,ARTS_CULTURE_HERITAGE_MEDIA,"Arts, Culture, Heritage & Media"
media-freedom,HUMAN_RIGHTS_EQUALITY_SOCIAL_JUSTICE,"Human Rights, Equality & Social Justice"
media-freedom,INTERNATIONAL_AFFAIRS_DEVELOPMENT_TRADE,"International Affairs, Development & Trade"
medical-cannabis-under-prescription,HEALTH_MEDICINE_PUBLIC_HEALTH,"Health, Medicine & Public Health"
men-and-boys-issues,SOCIAL_CARE_WELFARE_FAMILY_SUPPORT,"Social Care, Welfare & Family Support"
menopause,HEALTH_MEDICINE_PUBLIC_HEALTH,"Health, Medicine & Public Health"
mental-health,HEALTH_MEDICINE_PUBLIC_HEALTH,"Health, Medicine & Public Health"
mental-health,HEALTH_MEDICINE_PUBLIC_HEALTH,"Health, Medicine & Public Health"
mexico,COUNTRY_GROUP,Country Group
micromobility,ENVIRONMENT_CLIMATE_SUSTAINABILITY,"Environment, Climate & Sustainability"
micromobility,INFRASTRUCTURE_TRANSPORT_MOBILITY,"Infrastructure, Transport & Mobility"
microplastics,ENVIRONMENT_CLIMATE_SUSTAINABILITY,"Environment, Climate & Sustainability"
migration,HUMAN_RIGHTS_EQUALITY_SOCIAL_JUSTICE,"Human Rights, Equality & Social Justice"
migration,HUMAN_RIGHTS_EQUALITY_SOCIAL_JUSTICE,"Human Rights, Equality & Social Justice"
migration,INTERNATIONAL_AFFAIRS_DEVELOPMENT_TRADE,"International Affairs, Development & Trade"
miscarriages-of-justice,JUSTICE_LAW_SECURITY,"Justice, Law & Security"
missing-children-and-adults,JUSTICE_LAW_SECURITY,"Justice, Law & Security"
missing-children-and-adults,SOCIAL_CARE_WELFARE_FAMILY_SUPPORT,"Social Care, Welfare & Family Support"
modern-conflict,JUSTICE_LAW_SECURITY,"Justice, Law & Security"
modern-languages,EDUCATION_SKILLS_YOUTH,"Education, Skills & Youth"
modernising-employment,ECONOMY_BUSINESS_INDUSTRY,"Economy, Business & Industry"
moldova,COUNTRY_GROUP,Country Group
mongolia,COUNTRY_GROUP,Country Group
morocco,COUNTRY_GROUP,Country Group
motor,ECONOMY_BUSINESS_INDUSTRY,"Economy, Business & Industry"
motor,ENVIRONMENT_CLIMATE_SUSTAINABILITY,"Environment, Climate & Sustainability"
motor,INFRASTRUCTURE_TRANSPORT_MOBILITY,"Infrastructure, Transport & Mobility"
motor-neurone-disease,HEALTH_MEDICINE_PUBLIC_HEALTH,"Health, Medicine & Public Health"
multiple-sclerosis,HEALTH_MEDICINE_PUBLIC_HEALTH,"Health, Medicine & Public Health"
music,ARTS_CULTURE_HERITAGE_MEDIA,"Arts, Culture, Heritage & Media"
music,ARTS_CULTURE_HERITAGE_MEDIA,"Arts, Culture, Heritage & Media"
music,ARTS_CULTURE_HERITAGE_MEDIA,"Arts, Culture, Heritage & Media"
music,ARTS_CULTURE_HERITAGE_MEDIA,"Arts, Culture, Heritage & Media"
music,COUNTRY_GROUP,Country Group
music,REGIONS_NATIONS_DEVOLUTION,"Regions, Nations & Devolution"
music-education,ARTS_CULTURE_HERITAGE_MEDIA,"Arts, Culture, Heritage & Media"
music-education,EDUCATION_SKILLS_YOUTH,"Education, Skills & Youth"
mutuals,ECONOMY_BUSINESS_INDUSTRY,"Economy, Business & Industry"
myalgic-encephalomyelitis-me,HEALTH_MEDICINE_PUBLIC_HEALTH,"Health, Medicine & Public Health"
national-parks-and-national-landscapes,ENVIRONMENT_CLIMATE_SUSTAINABILITY,"Environment, Climate & Sustainability"
national-trust,ARTS_CULTURE_HERITAGE_MEDIA,"Arts, Culture, Heritage & Media"
nepal,COUNTRY_GROUP,Country Group
net-zero,ENVIRONMENT_CLIMATE_SUSTAINABILITY,"Environment, Climate & Sustainability"
netherlands,COUNTRY_GROUP,Country Group
new-towns,HOUSING_PLANNING_BUILT_ENVIRONMENT,"Housing, Planning & Built Environment"
nigeria,COUNTRY_GROUP,Country Group
night-time-economy,ARTS_CULTURE_HERITAGE_MEDIA,"Arts, Culture, Heritage & Media"
night-time-economy,ECONOMY_BUSINESS_INDUSTRY,"Economy, Business & Industry"
nordic-countries,COUNTRY_GROUP,Country Group
north-east,REGIONS_NATIONS_DEVOLUTION,"Regions, Nations & Devolution"
north-korea,COUNTRY_GROUP,Country Group
north-macedonia,COUNTRY_GROUP,Country Group
northern-culture,ARTS_CULTURE_HERITAGE_MEDIA,"Arts, Culture, Heritage & Media"
northern-culture,REGIONS_NATIONS_DEVOLUTION,"Regions, Nations & Devolution"
nuclear-energy,ENERGY_UTILITIES,Energy & Utilities
nuclear-energy,ENERGY_UTILITIES,Energy & Utilities
nuclear-energy,ENERGY_UTILITIES,Energy & Utilities
nuclear-energy,REGIONS_NATIONS_DEVOLUTION,"Regions, Nations & Devolution"
nutrition-for-development,HEALTH_MEDICINE_PUBLIC_HEALTH,"Health, Medicine & Public Health"
nutrition-for-development,INTERNATIONAL_AFFAIRS_DEVELOPMENT_TRADE,"International Affairs, Development & Trade"
obesity,HEALTH_MEDICINE_PUBLIC_HEALTH,"Health, Medicine & Public Health"
obstructive-sleep-apnoea,HEALTH_MEDICINE_PUBLIC_HEALTH,"Health, Medicine & Public Health"
occupational-safety-and-health,HEALTH_MEDICINE_PUBLIC_HEALTH,"Health, Medicine & Public Health"
occupational-safety-and-health,JUSTICE_LAW_SECURITY,"Justice, Law & Security"
ocean,ENVIRONMENT_CLIMATE_SUSTAINABILITY,"Environment, Climate & Sustainability"
oman,COUNTRY_GROUP,Country Group
open-banking-and-payments,FINANCE_MARKETS_CONSUMER_AFFAIRS,"Finance, Markets & Consumer Affairs"
open-finance-and-payments,FINANCE_MARKETS_CONSUMER_AFFAIRS,"Finance, Markets & Consumer Affairs"
opera,ARTS_CULTURE_HERITAGE_MEDIA,"Arts, Culture, Heritage & Media"
osteoporosis-and-bone-health,HEALTH_MEDICINE_PUBLIC_HEALTH,"Health, Medicine & Public Health"
outdoor-learning,ENVIRONMENT_CLIMATE_SUSTAINABILITY,"Environment, Climate & Sustainability"
outdoor-recreation-and-access-to-nature,ENVIRONMENT_CLIMATE_SUSTAINABILITY,"Environment, Climate & Sustainability"
outdoor-recreation-and-access-to-nature,SPORT_RECREATION_PHYSICAL_ACTIVITY,"Sport, Recreation & Physical Activity"
packaging-in-the-circular-economy,ENVIRONMENT_CLIMATE_SUSTAINABILITY,"Environment, Climate & Sustainability"
pakistan,COUNTRY_GROUP,Country Group
pakistani-minorities,HUMAN_RIGHTS_EQUALITY_SOCIAL_JUSTICE,"Human Rights, Equality & Social Justice"
pakistani-minorities,INTERNATIONAL_AFFAIRS_DEVELOPMENT_TRADE,"International Affairs, Development & Trade"
pakistani-minorities,RELIGION_FAITH_BELIEF_COMMUNITIES,"Religion, Faith & Belief Communities"
palestine,COUNTRY_GROUP,Country Group
palestine,HUMAN_RIGHTS_EQUALITY_SOCIAL_JUSTICE,"Human Rights, Equality & Social Justice"
palestine,INTERNATIONAL_AFFAIRS_DEVELOPMENT_TRADE,"International Affairs, Development & Trade"
pandemic-response-and-recovery,HEALTH_MEDICINE_PUBLIC_HEALTH,"Health, Medicine & Public Health"
pandemic-response-and-recovery,SOCIAL_CARE_WELFARE_FAMILY_SUPPORT,"Social Care, Welfare & Family Support"
pans-pandas,HEALTH_MEDICINE_PUBLIC_HEALTH,"Health, Medicine & Public Health"
parents,SOCIAL_CARE_WELFARE_FAMILY_SUPPORT,"Social Care, Welfare & Family Support"
park-homes,HOUSING_PLANNING_BUILT_ENVIRONMENT,"Housing, Planning & Built Environment"
parkinsons,HEALTH_MEDICINE_PUBLIC_HEALTH,"Health, Medicine & Public Health"
parkrun,HEALTH_MEDICINE_PUBLIC_HEALTH,"Health, Medicine & Public Health"
parks-and-green-spaces,ENVIRONMENT_CLIMATE_SUSTAINABILITY,"Environment, Climate & Sustainability"
patient-safety,HEALTH_MEDICINE_PUBLIC_HEALTH,"Health, Medicine & Public Health"
penal-affairs,JUSTICE_LAW_SECURITY,"Justice, Law & Security"
pensions-and-growth,ECONOMY_BUSINESS_INDUSTRY,"Economy, Business & Industry"
pensions-and-growth,FINANCE_MARKETS_CONSUMER_AFFAIRS,"Finance, Markets & Consumer Affairs"
performing-arts-education-and-training,ARTS_CULTURE_HERITAGE_MEDIA,"Arts, Culture, Heritage & Media"
performing-arts-education-and-training,EDUCATION_SKILLS_YOUTH,"Education, Skills & Youth"
perpetrators-of-domestic-abuse,HUMAN_RIGHTS_EQUALITY_SOCIAL_JUSTICE,"Human Rights, Equality & Social Justice"
perpetrators-of-domestic-abuse,SOCIAL_CARE_WELFARE_FAMILY_SUPPORT,"Social Care, Welfare & Family Support"
pharmacy,HEALTH_MEDICINE_PUBLIC_HEALTH,"Health, Medicine & Public Health"
phasing-out-animal-experiments-in-medical-research,ANIMALS_ANIMAL_WELFARE,Animals & Animal Welfare
play,EDUCATION_SKILLS_YOUTH,"Education, Skills & Youth"
play,SOCIAL_CARE_WELFARE_FAMILY_SUPPORT,"Social Care, Welfare & Family Support"
poland,COUNTRY_GROUP,Country Group
policing,JUSTICE_LAW_SECURITY,"Justice, Law & Security"
policing,JUSTICE_LAW_SECURITY,"Justice, Law & Security"
policing,JUSTICE_LAW_SECURITY,"Justice, Law & Security"
policing,REGIONS_NATIONS_DEVOLUTION,"Regions, Nations & Devolution"
policing,REGIONS_NATIONS_DEVOLUTION,"Regions, Nations & Devolution"
political-and-media-literacy,EDUCATION_SKILLS_YOUTH,"Education, Skills & Youth"
polycystic-ovary-syndrome-pcos,HEALTH_MEDICINE_PUBLIC_HEALTH,"Health, Medicine & Public Health"
portugal,COUNTRY_GROUP,Country Group
poverty-and-inequality,HUMAN_RIGHTS_EQUALITY_SOCIAL_JUSTICE,"Human Rights, Equality & Social Justice"
poverty-and-inequality,SOCIAL_CARE_WELFARE_FAMILY_SUPPORT,"Social Care, Welfare & Family Support"
primodos,HEALTH_MEDICINE_PUBLIC_HEALTH,"Health, Medicine & Public Health"
primodos,HUMAN_RIGHTS_EQUALITY_SOCIAL_JUSTICE,"Human Rights, Equality & Social Justice"
private-capital,FINANCE_MARKETS_CONSUMER_AFFAIRS,"Finance, Markets & Consumer Affairs"
pro-life,HUMAN_RIGHTS_EQUALITY_SOCIAL_JUSTICE,"Human Rights, Equality & Social Justice"
project-delivery,INFRASTRUCTURE_TRANSPORT_MOBILITY,"Infrastructure, Transport & Mobility"
prostate-cancer,HEALTH_MEDICINE_PUBLIC_HEALTH,"Health, Medicine & Public Health"
public-sector-efficiency,GOVERNANCE_DEMOCRACY_POLITICAL_REFORM,"Governance, Democracy & Political Reform"
publishing,ARTS_CULTURE_HERITAGE_MEDIA,"Arts, Culture, Heritage & Media"
publishing,ECONOMY_BUSINESS_INDUSTRY,"Economy, Business & Industry"
pubs,ECONOMY_BUSINESS_INDUSTRY,"Economy, Business & Industry"
pubs,SOCIAL_CARE_WELFARE_FAMILY_SUPPORT,"Social Care, Welfare & Family Support"
qatar,COUNTRY_GROUP,Country Group
quantum-technologies,ECONOMY_BUSINESS_INDUSTRY,"Economy, Business & Industry"
quantum-technologies,SCIENCE_TECHNOLOGY_INNOVATION,"Science, Technology & Innovation"
race-and-community,HUMAN_RIGHTS_EQUALITY_SOCIAL_JUSTICE,"Human Rights, Equality & Social Justice"
race-equality-in-education,EDUCATION_SKILLS_YOUTH,"Education, Skills & Youth"
racing-and-bloodstock,SPORT_RECREATION_PHYSICAL_ACTIVITY,"Sport, Recreation & Physical Activity"
radiotherapy,HEALTH_MEDICINE_PUBLIC_HEALTH,"Health, Medicine & Public Health"
rail,INFRASTRUCTURE_TRANSPORT_MOBILITY,"Infrastructure, Transport & Mobility"
refugees,HUMAN_RIGHTS_EQUALITY_SOCIAL_JUSTICE,"Human Rights, Equality & Social Justice"
refugees,INTERNATIONAL_AFFAIRS_DEVELOPMENT_TRADE,"International Affairs, Development & Trade"
renewable-and-sustainable-energy,ENERGY_UTILITIES,Energy & Utilities
renewable-and-sustainable-energy,ENVIRONMENT_CLIMATE_SUSTAINABILITY,"Environment, Climate & Sustainability"
republic-of-korea,COUNTRY_GROUP,Country Group
reserves-and-cadets,JUSTICE_LAW_SECURITY,"Justice, Law & Security"
respiratory-health,HEALTH_MEDICINE_PUBLIC_HEALTH,"Health, Medicine & Public Health"
responsible-business,ECONOMY_BUSINESS_INDUSTRY,"Economy, Business & Industry"
responsible-credit,ECONOMY_BUSINESS_INDUSTRY,"Economy, Business & Industry"
responsible-credit,FINANCE_MARKETS_CONSUMER_AFFAIRS,"Finance, Markets & Consumer Affairs"
responsible-vaping,HEALTH_MEDICINE_PUBLIC_HEALTH,"Health, Medicine & Public Health"
restorative-justice,JUSTICE_LAW_SECURITY,"Justice, Law & Security"
romania,COUNTRY_GROUP,Country Group
rugby-football-league,SPORT_RECREATION_PHYSICAL_ACTIVITY,"Sport, Recreation & Physical Activity"
rugby-union-football-club,INTERNATIONAL_AFFAIRS_DEVELOPMENT_TRADE,"International Affairs, Development & Trade"
rugby-union-football-club,SPORT_RECREATION_PHYSICAL_ACTIVITY,"Sport, Recreation & Physical Activity"
running,SPORT_RECREATION_PHYSICAL_ACTIVITY,"Sport, Recreation & Physical Activity"
rural-business-and-the-rural-powerhouse,ECONOMY_BUSINESS_INDUSTRY,"Economy, Business & Industry"
rural-business-and-the-rural-powerhouse,FOOD_AGRICULTURE_RURAL_AFFAIRS,"Food, Agriculture & Rural Affairs"
rural-business-and-the-rural-powerhouse,REGIONS_NATIONS_DEVOLUTION,"Regions, Nations & Devolution"
rural-services,FOOD_AGRICULTURE_RURAL_AFFAIRS,"Food, Agriculture & Rural Affairs"
russia-and-democracy,COUNTRY_GROUP,Country Group
safeguarding-in-faith-communities,HUMAN_RIGHTS_EQUALITY_SOCIAL_JUSTICE,"Human Rights, Equality & Social Justice"
safeguarding-in-faith-communities,RELIGION_FAITH_BELIEF_COMMUNITIES,"Religion, Faith & Belief Communities"
san-marino,COUNTRY_GROUP,Country Group
saudi-arabia,COUNTRY_GROUP,Country Group
school-food,EDUCATION_SKILLS_YOUTH,"Education, Skills & Youth"
school-food,EDUCATION_SKILLS_YOUTH,"Education, Skills & Youth"
school-food,EDUCATION_SKILLS_YOUTH,"Education, Skills & Youth"
school-food,FOOD_AGRICULTURE_RURAL_AFFAIRS,"Food, Agriculture & Rural Affairs"
school-food,FOOD_AGRICULTURE_RURAL_AFFAIRS,"Food, Agriculture & Rural Affairs"
school-food,FOOD_AGRICULTURE_RURAL_AFFAIRS,"Food, Agriculture & Rural Affairs"
schools-learning-and-assessment,EDUCATION_SKILLS_YOUTH,"Education, Skills & Youth"
science-and-technology-in-agriculture,SCIENCE_TECHNOLOGY_INNOVATION,"Science, Technology & Innovation"
scientific,SCIENCE_TECHNOLOGY_INNOVATION,"Science, Technology & Innovation"
scotch-whisky,ECONOMY_BUSINESS_INDUSTRY,"Economy, Business & Industry"
scotch-whisky,ECONOMY_BUSINESS_INDUSTRY,"Economy, Business & Industry"
scotch-whisky,INTERNATIONAL_AFFAIRS_DEVELOPMENT_TRADE,"International Affairs, Development & Trade"
self-driving-vehicles,INFRASTRUCTURE_TRANSPORT_MOBILITY,"Infrastructure, Transport & Mobility"
self-driving-vehicles,SCIENCE_TECHNOLOGY_INNOVATION,"Science, Technology & Innovation"
semiconductors,ECONOMY_BUSINESS_INDUSTRY,"Economy, Business & Industry"
sepsis,HEALTH_MEDICINE_PUBLIC_HEALTH,"Health, Medicine & Public Health"
serbia,COUNTRY_GROUP,Country Group
sexual-and-reproductive-health-in-the-uk,HEALTH_MEDICINE_PUBLIC_HEALTH,"Health, Medicine & Public Health"
shakespeare,ARTS_CULTURE_HERITAGE_MEDIA,"Arts, Culture, Heritage & Media"
shakespeare,EDUCATION_SKILLS_YOUTH,"Education, Skills & Youth"
shellfish-aquaculture,FOOD_AGRICULTURE_RURAL_AFFAIRS,"Food, Agriculture & Rural Affairs"
shooting-and-conservation,ANIMALS_ANIMAL_WELFARE,Animals & Animal Welfare
shooting-and-conservation,ENVIRONMENT_CLIMATE_SUSTAINABILITY,"Environment, Climate & Sustainability"
shooting-and-conservation,ENVIRONMENT_CLIMATE_SUSTAINABILITY,"Environment, Climate & Sustainability"
shooting-and-conservation,ENVIRONMENT_CLIMATE_SUSTAINABILITY,"Environment, Climate & Sustainability"
shooting-and-conservation,SPORT_RECREATION_PHYSICAL_ACTIVITY,"Sport, Recreation & Physical Activity"
single-parent-families,HUMAN_RIGHTS_EQUALITY_SOCIAL_JUSTICE,"Human Rights, Equality & Social Justice"
single-parent-families,SOCIAL_CARE_WELFARE_FAMILY_SUPPORT,"Social Care, Welfare & Family Support"
sixth-form-education,EDUCATION_SKILLS_YOUTH,"Education, Skills & Youth"
skills-careers-and-employment,ECONOMY_BUSINESS_INDUSTRY,"Economy, Business & Industry"
skills-careers-and-employment,EDUCATION_SKILLS_YOUTH,"Education, Skills & Youth"
slovenia,COUNTRY_GROUP,Country Group
small-modular-reactors,ENERGY_UTILITIES,Energy & Utilities
smart-towns-and-regions,REGIONS_NATIONS_DEVOLUTION,"Regions, Nations & Devolution"
sme-small-and-medium-sized-enterprises-house-builders,ECONOMY_BUSINESS_INDUSTRY,"Economy, Business & Industry"
sme-small-and-medium-sized-enterprises-house-builders,HOUSING_PLANNING_BUILT_ENVIRONMENT,"Housing, Planning & Built Environment"
smoking-and-health,HEALTH_MEDICINE_PUBLIC_HEALTH,"Health, Medicine & Public Health"
smoking-and-health,HEALTH_MEDICINE_PUBLIC_HEALTH,"Health, Medicine & Public Health"
smoking-and-health,HEALTH_MEDICINE_PUBLIC_HEALTH,"Health, Medicine & Public Health"
smoking-and-health,REGIONS_NATIONS_DEVOLUTION,"Regions, Nations & Devolution"
smoking-and-health,SOCIAL_CARE_WELFARE_FAMILY_SUPPORT,"Social Care, Welfare & Family Support"
snooker,SPORT_RECREATION_PHYSICAL_ACTIVITY,"Sport, Recreation & Physical Activity"
social-cooperative-and-community-economy,ECONOMY_BUSINESS_INDUSTRY,"Economy, Business & Industry"
social-mobility,EDUCATION_SKILLS_YOUTH,"Education, Skills & Youth"
social-mobility,SOCIAL_CARE_WELFARE_FAMILY_SUPPORT,"Social Care, Welfare & Family Support"
social-science-and-policy,SCIENCE_TECHNOLOGY_INNOVATION,"Science, Technology & Innovation"
somaliland,COUNTRY_GROUP,Country Group
south-africa,COUNTRY_GROUP,Country Group
south-east,ECONOMY_BUSINESS_INDUSTRY,"Economy, Business & Industry"
south-east,REGIONS_NATIONS_DEVOLUTION,"Regions, Nations & Devolution"
south-west,ECONOMY_BUSINESS_INDUSTRY,"Economy, Business & Industry"
south-west,REGIONS_NATIONS_DEVOLUTION,"Regions, Nations & Devolution"
south-western-railway,INFRASTRUCTURE_TRANSPORT_MOBILITY,"Infrastructure, Transport & Mobility"
southeast-and-gatwick-diamond-growth-gateway,ECONOMY_BUSINESS_INDUSTRY,"Economy, Business & Industry"
southeast-and-gatwick-diamond-growth-gateway,INFRASTRUCTURE_TRANSPORT_MOBILITY,"Infrastructure, Transport & Mobility"
southeast-and-gatwick-diamond-growth-gateway,REGIONS_NATIONS_DEVOLUTION,"Regions, Nations & Devolution"
sovereign-wealth-funds,ECONOMY_BUSINESS_INDUSTRY,"Economy, Business & Industry"
sovereign-wealth-funds,FINANCE_MARKETS_CONSUMER_AFFAIRS,"Finance, Markets & Consumer Affairs"
sovereign-wealth-funds,INTERNATIONAL_AFFAIRS_DEVELOPMENT_TRADE,"International Affairs, Development & Trade"
space,SCIENCE_TECHNOLOGY_INNOVATION,"Science, Technology & Innovation"
space,SCIENCE_TECHNOLOGY_INNOVATION,"Science, Technology & Innovation"
spain,COUNTRY_GROUP,Country Group
special-educational-needs-and-disabilities,EDUCATION_SKILLS_YOUTH,"Education, Skills & Youth"
speech-and-language-difficulties,EDUCATION_SKILLS_YOUTH,"Education, Skills & Youth"
speech-and-language-difficulties,HEALTH_MEDICINE_PUBLIC_HEALTH,"Health, Medicine & Public Health"
spinal-cord-injury,HEALTH_MEDICINE_PUBLIC_HEALTH,"Health, Medicine & Public Health"
sport-and-physical-activity,SPORT_RECREATION_PHYSICAL_ACTIVITY,"Sport, Recreation & Physical Activity"
sport-and-physical-activity-in-the-criminal-justice-system,SPORT_RECREATION_PHYSICAL_ACTIVITY,"Sport, Recreation & Physical Activity"
sri-lanka,COUNTRY_GROUP,Country Group
state-pension-inequality-for-women,SOCIAL_CARE_WELFARE_FAMILY_SUPPORT,"Social Care, Welfare & Family Support"
steel-and-metals-related-industries,ECONOMY_BUSINESS_INDUSTRY,"Economy, Business & Industry"
steel-and-metals-related-industries,ECONOMY_BUSINESS_INDUSTRY,"Economy, Business & Industry"
steel-and-metals-related-industries,ECONOMY_BUSINESS_INDUSTRY,"Economy, Business & Industry"
steel-and-metals-related-industries,REGIONS_NATIONS_DEVOLUTION,"Regions, Nations & Devolution"
stem-cell-transplantation-and-advanced-cellular-therapies,HEALTH_MEDICINE_PUBLIC_HEALTH,"Health, Medicine & Public Health"
stem-cell-transplantation-and-advanced-cellular-therapies,SCIENCE_TECHNOLOGY_INNOVATION,"Science, Technology & Innovation"
students,EDUCATION_SKILLS_YOUTH,"Education, Skills & Youth"
sudan-and-south-sudan,COUNTRY_GROUP,Country Group
suicide-and-self-harm-prevention,HEALTH_MEDICINE_PUBLIC_HEALTH,"Health, Medicine & Public Health"
suicide-and-self-harm-prevention,SOCIAL_CARE_WELFARE_FAMILY_SUPPORT,"Social Care, Welfare & Family Support"
survivors-of-fayed-and-harrods,OTHER,Other
sustainable-finance,FINANCE_MARKETS_CONSUMER_AFFAIRS,"Finance, Markets & Consumer Affairs"
sustainable-flood-and-drought-management,ENVIRONMENT_CLIMATE_SUSTAINABILITY,"Environment, Climate & Sustainability"
sustainable-flood-and-drought-management,INFRASTRUCTURE_TRANSPORT_MOBILITY,"Infrastructure, Transport & Mobility"
sustainable-plastics,ENVIRONMENT_CLIMATE_SUSTAINABILITY,"Environment, Climate & Sustainability"
sustainable-resources,ECONOMY_BUSINESS_INDUSTRY,"Economy, Business & Industry"
sustainable-resources,ENVIRONMENT_CLIMATE_SUSTAINABILITY,"Environment, Climate & Sustainability"
swimming,EDUCATION_SKILLS_YOUTH,"Education, Skills & Youth"
swimming,SPORT_RECREATION_PHYSICAL_ACTIVITY,"Sport, Recreation & Physical Activity"
switzerland-and-liechtenstein,COUNTRY_GROUP,Country Group
syria,COUNTRY_GROUP,Country Group
t-levels,EDUCATION_SKILLS_YOUTH,"Education, Skills & Youth"
tackling-loneliness-and-connected-communities,SOCIAL_CARE_WELFARE_FAMILY_SUPPORT,"Social Care, Welfare & Family Support"
taiwan,COUNTRY_GROUP,Country Group
taiwan,COUNTRY_GROUP,Country Group
taiwan,INTERNATIONAL_AFFAIRS_DEVELOPMENT_TRADE,"International Affairs, Development & Trade"
tamils,HUMAN_RIGHTS_EQUALITY_SOCIAL_JUSTICE,"Human Rights, Equality & Social Justice"
tamils,INTERNATIONAL_AFFAIRS_DEVELOPMENT_TRADE,"International Affairs, Development & Trade"
tennis,SPORT_RECREATION_PHYSICAL_ACTIVITY,"Sport, Recreation & Physical Activity"
terrorism-and-security,JUSTICE_LAW_SECURITY,"Justice, Law & Security"
thailand,COUNTRY_GROUP,Country Group
thalidomide,HEALTH_MEDICINE_PUBLIC_HEALTH,"Health, Medicine & Public Health"
thalidomide,SOCIAL_CARE_WELFARE_FAMILY_SUPPORT,"Social Care, Welfare & Family Support"
thames-estuary-fair-economic-growth,ECONOMY_BUSINESS_INDUSTRY,"Economy, Business & Industry"
thames-estuary-fair-economic-growth,REGIONS_NATIONS_DEVOLUTION,"Regions, Nations & Devolution"
thames-valley,REGIONS_NATIONS_DEVOLUTION,"Regions, Nations & Devolution"
theatre,ARTS_CULTURE_HERITAGE_MEDIA,"Arts, Culture, Heritage & Media"
tibet,ARTS_CULTURE_HERITAGE_MEDIA,"Arts, Culture, Heritage & Media"
tibet,COUNTRY_GROUP,Country Group
ticket-abuse,ARTS_CULTURE_HERITAGE_MEDIA,"Arts, Culture, Heritage & Media"
ticket-abuse,FINANCE_MARKETS_CONSUMER_AFFAIRS,"Finance, Markets & Consumer Affairs"
tidy-britain,ENVIRONMENT_CLIMATE_SUSTAINABILITY,"Environment, Climate & Sustainability"
tigray,COUNTRY_GROUP,Country Group
town-centres,ECONOMY_BUSINESS_INDUSTRY,"Economy, Business & Industry"
town-centres,HOUSING_PLANNING_BUILT_ENVIRONMENT,"Housing, Planning & Built Environment"
town-centres,REGIONS_NATIONS_DEVOLUTION,"Regions, Nations & Devolution"
trafficked-britons-in-syria,HUMAN_RIGHTS_EQUALITY_SOCIAL_JUSTICE,"Human Rights, Equality & Social Justice"
trafficked-britons-in-syria,INTERNATIONAL_AFFAIRS_DEVELOPMENT_TRADE,"International Affairs, Development & Trade"
trafficked-britons-in-syria,JUSTICE_LAW_SECURITY,"Justice, Law & Security"
transport-safety,INFRASTRUCTURE_TRANSPORT_MOBILITY,"Infrastructure, Transport & Mobility"
turkey,COUNTRY_GROUP,Country Group
turkish-republic-of-northern-cyprus,COUNTRY_GROUP,Country Group
turkiye,COUNTRY_GROUP,Country Group
uk-food-security,FOOD_AGRICULTURE_RURAL_AFFAIRS,"Food, Agriculture & Rural Affairs"
uk-fresh-produce-network,FOOD_AGRICULTURE_RURAL_AFFAIRS,"Food, Agriculture & Rural Affairs"
uk-spirits,ECONOMY_BUSINESS_INDUSTRY,"Economy, Business & Industry"
ukraine,COUNTRY_GROUP,Country Group
ukraine,INTERNATIONAL_AFFAIRS_DEVELOPMENT_TRADE,"International Affairs, Development & Trade"
unesco-world-heritage-sites,ECONOMY_BUSINESS_INDUSTRY,"Economy, Business & Industry"
unesco-world-heritage-sites,ENVIRONMENT_CLIMATE_SUSTAINABILITY,"Environment, Climate & Sustainability"
unesco-world-heritage-sites,INTERNATIONAL_AFFAIRS_DEVELOPMENT_TRADE,"International Affairs, Development & Trade"
united-arab-emirates,COUNTRY_GROUP,Country Group
united-nations,INTERNATIONAL_AFFAIRS_DEVELOPMENT_TRADE,"International Affairs, Development & Trade"
united-nations-global-goals,INTERNATIONAL_AFFAIRS_DEVELOPMENT_TRADE,"International Affairs, Development & Trade"
university,EDUCATION_SKILLS_YOUTH,"Education, Skills & Youth"
urinary-tract-infections,HEALTH_MEDICINE_PUBLIC_HEALTH,"Health, Medicine & Public Health"
usher-syndrome,HEALTH_MEDICINE_PUBLIC_HEALTH,"Health, Medicine & Public Health"
usher-syndrome,SOCIAL_CARE_WELFARE_FAMILY_SUPPORT,"Social Care, Welfare & Family Support"
uyghurs,HUMAN_RIGHTS_EQUALITY_SOCIAL_JUSTICE,"Human Rights, Equality & Social Justice"
uyghurs,INTERNATIONAL_AFFAIRS_DEVELOPMENT_TRADE,"International Affairs, Development & Trade"
vascular-and-venous-disease,HEALTH_MEDICINE_PUBLIC_HEALTH,"Health, Medicine & Public Health"
video-games-and-esports,ARTS_CULTURE_HERITAGE_MEDIA,"Arts, Culture, Heritage & Media"
video-games-and-esports,ECONOMY_BUSINESS_INDUSTRY,"Economy, Business & Industry"
video-games-and-esports,SCIENCE_TECHNOLOGY_INNOVATION,"Science, Technology & Innovation"
vietnam,COUNTRY_GROUP,Country Group
visual-arts-and-artists,ARTS_CULTURE_HERITAGE_MEDIA,"Arts, Culture, Heritage & Media"
volunteer-rescue-services,JUSTICE_LAW_SECURITY,"Justice, Law & Security"
volunteer-rescue-services,SOCIAL_CARE_WELFARE_FAMILY_SUPPORT,"Social Care, Welfare & Family Support"
vulnerable-groups-to-pandemics,HEALTH_MEDICINE_PUBLIC_HEALTH,"Health, Medicine & Public Health"
vulnerable-groups-to-pandemics,SOCIAL_CARE_WELFARE_FAMILY_SUPPORT,"Social Care, Welfare & Family Support"
war-crimes,INTERNATIONAL_AFFAIRS_DEVELOPMENT_TRADE,"International Affairs, Development & Trade"
war-crimes,JUSTICE_LAW_SECURITY,"Justice, Law & Security"
water,ENVIRONMENT_CLIMATE_SUSTAINABILITY,"Environment, Climate & Sustainability"
water-pollution,ENVIRONMENT_CLIMATE_SUSTAINABILITY,"Environment, Climate & Sustainability"
water-safety-education,EDUCATION_SKILLS_YOUTH,"Education, Skills & Youth"
water-safety-education,HEALTH_MEDICINE_PUBLIC_HEALTH,"Health, Medicine & Public Health"
water-sanitation-and-hygiene,ENVIRONMENT_CLIMATE_SUSTAINABILITY,"Environment, Climate & Sustainability"
water-sanitation-and-hygiene,INTERNATIONAL_AFFAIRS_DEVELOPMENT_TRADE,"International Affairs, Development & Trade"
waterways,ENVIRONMENT_CLIMATE_SUSTAINABILITY,"Environment, Climate & Sustainability"
wellbeing-economics,ECONOMY_BUSINESS_INDUSTRY,"Economy, Business & Industry"
wellbeing-economics,HEALTH_MEDICINE_PUBLIC_HEALTH,"Health, Medicine & Public Health"
west-coast-main-line,INFRASTRUCTURE_TRANSPORT_MOBILITY,"Infrastructure, Transport & Mobility"
west-midlands,ECONOMY_BUSINESS_INDUSTRY,"Economy, Business & Industry"
west-papua,COUNTRY_GROUP,Country Group
western-gateway,ECONOMY_BUSINESS_INDUSTRY,"Economy, Business & Industry"
western-gateway,REGIONS_NATIONS_DEVOLUTION,"Regions, Nations & Devolution"
western-rail-link-to-heathrow,INFRASTRUCTURE_TRANSPORT_MOBILITY,"Infrastructure, Transport & Mobility"
wheelchair-users,HEALTH_MEDICINE_PUBLIC_HEALTH,"Health, Medicine & Public Health"
wine-of-great-britain,ECONOMY_BUSINESS_INDUSTRY,"Economy, Business & Industry"
wine-of-great-britain,FOOD_AGRICULTURE_RURAL_AFFAIRS,"Food, Agriculture & Rural Affairs"
women-affected-by-the-criminal-justice-system,HUMAN_RIGHTS_EQUALITY_SOCIAL_JUSTICE,"Human Rights, Equality & Social Justice"
women-affected-by-the-criminal-justice-system,JUSTICE_LAW_SECURITY,"Justice, Law & Security"
women-and-enterprise,ECONOMY_BUSINESS_INDUSTRY,"Economy, Business & Industry"
women-and-enterprise,HUMAN_RIGHTS_EQUALITY_SOCIAL_JUSTICE,"Human Rights, Equality & Social Justice"
women-and-work,ECONOMY_BUSINESS_INDUSTRY,"Economy, Business & Industry"
women-and-work,HUMAN_RIGHTS_EQUALITY_SOCIAL_JUSTICE,"Human Rights, Equality & Social Justice"
women-in-defence,HUMAN_RIGHTS_EQUALITY_SOCIAL_JUSTICE,"Human Rights, Equality & Social Justice"
women-in-defence,JUSTICE_LAW_SECURITY,"Justice, Law & Security"
women-in-parliament,HUMAN_RIGHTS_EQUALITY_SOCIAL_JUSTICE,"Human Rights, Equality & Social Justice"
women-in-transport,INFRASTRUCTURE_TRANSPORT_MOBILITY,"Infrastructure, Transport & Mobility"
women-peace-and-security,HUMAN_RIGHTS_EQUALITY_SOCIAL_JUSTICE,"Human Rights, Equality & Social Justice"
women-peace-and-security,INTERNATIONAL_AFFAIRS_DEVELOPMENT_TRADE,"International Affairs, Development & Trade"
womens-football,HUMAN_RIGHTS_EQUALITY_SOCIAL_JUSTICE,"Human Rights, Equality & Social Justice"
womens-football,SPORT_RECREATION_PHYSICAL_ACTIVITY,"Sport, Recreation & Physical Activity"
womens-health,HEALTH_MEDICINE_PUBLIC_HEALTH,"Health, Medicine & Public Health"
womens-health,HEALTH_MEDICINE_PUBLIC_HEALTH,"Health, Medicine & Public Health"
womens-health,HEALTH_MEDICINE_PUBLIC_HEALTH,"Health, Medicine & Public Health"
womens-health,HEALTH_MEDICINE_PUBLIC_HEALTH,"Health, Medicine & Public Health"
womens-health,HEALTH_MEDICINE_PUBLIC_HEALTH,"Health, Medicine & Public Health"
womens-rights,HUMAN_RIGHTS_EQUALITY_SOCIAL_JUSTICE,"Human Rights, Equality & Social Justice"
wood-panel-industry,ECONOMY_BUSINESS_INDUSTRY,"Economy, Business & Industry"
wood-panel-industry,ECONOMY_BUSINESS_INDUSTRY,"Economy, Business & Industry"
wood-panel-industry,ENVIRONMENT_CLIMATE_SUSTAINABILITY,"Environment, Climate & Sustainability"
wood-panel-industry,ENVIRONMENT_CLIMATE_SUSTAINABILITY,"Environment, Climate & Sustainability"
woods-and-trees,ENVIRONMENT_CLIMATE_SUSTAINABILITY,"Environment, Climate & Sustainability"
writers,ARTS_CULTURE_HERITAGE_MEDIA,"Arts, Culture, Heritage & Media"
writers,ECONOMY_BUSINESS_INDUSTRY,"Economy, Business & Industry"
yazidis,HUMAN_RIGHTS_EQUALITY_SOCIAL_JUSTICE,"Human Rights, Equality & Social Justice"
yazidis,INTERNATIONAL_AFFAIRS_DEVELOPMENT_TRADE,"International Affairs, Development & Trade"
yemen,COUNTRY_GROUP,Country Group
yorkshire-and-northern-lincolnshire,REGIONS_NATIONS_DEVOLUTION,"Regions, Nations & Devolution"
young-carers-and-young-adult-carers,EDUCATION_SKILLS_YOUTH,"Education, Skills & Youth"
young-carers-and-young-adult-carers,SOCIAL_CARE_WELFARE_FAMILY_SUPPORT,"Social Care, Welfare & Family Support"
youth-affairs,EDUCATION_SKILLS_YOUTH,"Education, Skills & Youth"
youth-employment,ECONOMY_BUSINESS_INDUSTRY,"Economy, Business & Industry"
youth-employment,EDUCATION_SKILLS_YOUTH,"Education, Skills & Youth"
zoos-and-aquariums,ANIMALS_ANIMAL_WELFARE,Animals & Animal Welfare
